ARM GAS  C:\Users\sub\AppData\Local\Temp\ccwsvbmP.s 			page 1


   1              		.cpu cortex-m4
   2              		.arch armv7e-m
   3              		.fpu fpv4-sp-d16
   4              		.eabi_attribute 27, 1
   5              		.eabi_attribute 28, 1
   6              		.eabi_attribute 20, 1
   7              		.eabi_attribute 21, 1
   8              		.eabi_attribute 23, 3
   9              		.eabi_attribute 24, 1
  10              		.eabi_attribute 25, 1
  11              		.eabi_attribute 26, 1
  12              		.eabi_attribute 30, 1
  13              		.eabi_attribute 34, 1
  14              		.eabi_attribute 18, 4
  15              		.file	"usbh_conf.c"
  16              		.text
  17              	.Ltext0:
  18              		.cfi_sections	.debug_frame
  19              		.file 1 "USB_HOST/Target/usbh_conf.c"
  20              		.section	.text.HAL_HCD_MspInit,"ax",%progbits
  21              		.align	1
  22              		.global	HAL_HCD_MspInit
  23              		.syntax unified
  24              		.thumb
  25              		.thumb_func
  27              	HAL_HCD_MspInit:
  28              	.LVL0:
  29              	.LFB142:
   1:USB_HOST/Target/usbh_conf.c **** /* USER CODE BEGIN Header */
   2:USB_HOST/Target/usbh_conf.c **** /**
   3:USB_HOST/Target/usbh_conf.c ****   ******************************************************************************
   4:USB_HOST/Target/usbh_conf.c ****   * @file           : Target/usbh_conf.c
   5:USB_HOST/Target/usbh_conf.c ****   * @version        : v1.0_Cube
   6:USB_HOST/Target/usbh_conf.c ****   * @brief          : This file implements the board support package for the USB host library
   7:USB_HOST/Target/usbh_conf.c ****   ******************************************************************************
   8:USB_HOST/Target/usbh_conf.c ****   * @attention
   9:USB_HOST/Target/usbh_conf.c ****   *
  10:USB_HOST/Target/usbh_conf.c ****   * Copyright (c) 2025 STMicroelectronics.
  11:USB_HOST/Target/usbh_conf.c ****   * All rights reserved.
  12:USB_HOST/Target/usbh_conf.c ****   *
  13:USB_HOST/Target/usbh_conf.c ****   * This software is licensed under terms that can be found in the LICENSE file
  14:USB_HOST/Target/usbh_conf.c ****   * in the root directory of this software component.
  15:USB_HOST/Target/usbh_conf.c ****   * If no LICENSE file comes with this software, it is provided AS-IS.
  16:USB_HOST/Target/usbh_conf.c ****   *
  17:USB_HOST/Target/usbh_conf.c ****   ******************************************************************************
  18:USB_HOST/Target/usbh_conf.c ****   */
  19:USB_HOST/Target/usbh_conf.c **** /* USER CODE END Header */
  20:USB_HOST/Target/usbh_conf.c **** 
  21:USB_HOST/Target/usbh_conf.c **** /* Includes ------------------------------------------------------------------*/
  22:USB_HOST/Target/usbh_conf.c **** #include "usbh_core.h"
  23:USB_HOST/Target/usbh_conf.c **** #include "usbh_platform.h"
  24:USB_HOST/Target/usbh_conf.c **** 
  25:USB_HOST/Target/usbh_conf.c **** /* USER CODE BEGIN Includes */
  26:USB_HOST/Target/usbh_conf.c **** 
  27:USB_HOST/Target/usbh_conf.c **** /* USER CODE END Includes */
  28:USB_HOST/Target/usbh_conf.c **** 
  29:USB_HOST/Target/usbh_conf.c **** /* Private typedef -----------------------------------------------------------*/
ARM GAS  C:\Users\sub\AppData\Local\Temp\ccwsvbmP.s 			page 2


  30:USB_HOST/Target/usbh_conf.c **** /* Private define ------------------------------------------------------------*/
  31:USB_HOST/Target/usbh_conf.c **** /* Private macro -------------------------------------------------------------*/
  32:USB_HOST/Target/usbh_conf.c **** 
  33:USB_HOST/Target/usbh_conf.c **** /* USER CODE BEGIN PV */
  34:USB_HOST/Target/usbh_conf.c **** /* Private variables ---------------------------------------------------------*/
  35:USB_HOST/Target/usbh_conf.c **** 
  36:USB_HOST/Target/usbh_conf.c **** /* USER CODE END PV */
  37:USB_HOST/Target/usbh_conf.c **** 
  38:USB_HOST/Target/usbh_conf.c **** HCD_HandleTypeDef hhcd_USB_OTG_FS;
  39:USB_HOST/Target/usbh_conf.c **** void Error_Handler(void);
  40:USB_HOST/Target/usbh_conf.c **** 
  41:USB_HOST/Target/usbh_conf.c **** /* USER CODE BEGIN 0 */
  42:USB_HOST/Target/usbh_conf.c **** 
  43:USB_HOST/Target/usbh_conf.c **** /* USER CODE END 0 */
  44:USB_HOST/Target/usbh_conf.c **** 
  45:USB_HOST/Target/usbh_conf.c **** /* USER CODE BEGIN PFP */
  46:USB_HOST/Target/usbh_conf.c **** /* Private function prototypes -----------------------------------------------*/
  47:USB_HOST/Target/usbh_conf.c **** USBH_StatusTypeDef USBH_Get_USB_Status(HAL_StatusTypeDef hal_status);
  48:USB_HOST/Target/usbh_conf.c **** 
  49:USB_HOST/Target/usbh_conf.c **** /* USER CODE END PFP */
  50:USB_HOST/Target/usbh_conf.c **** 
  51:USB_HOST/Target/usbh_conf.c **** /* Private functions ---------------------------------------------------------*/
  52:USB_HOST/Target/usbh_conf.c **** 
  53:USB_HOST/Target/usbh_conf.c **** /* USER CODE BEGIN 1 */
  54:USB_HOST/Target/usbh_conf.c **** 
  55:USB_HOST/Target/usbh_conf.c **** /* USER CODE END 1 */
  56:USB_HOST/Target/usbh_conf.c **** 
  57:USB_HOST/Target/usbh_conf.c **** /*******************************************************************************
  58:USB_HOST/Target/usbh_conf.c ****                        LL Driver Callbacks (HCD -> USB Host Library)
  59:USB_HOST/Target/usbh_conf.c **** *******************************************************************************/
  60:USB_HOST/Target/usbh_conf.c **** /* MSP Init */
  61:USB_HOST/Target/usbh_conf.c **** 
  62:USB_HOST/Target/usbh_conf.c **** void HAL_HCD_MspInit(HCD_HandleTypeDef* hcdHandle)
  63:USB_HOST/Target/usbh_conf.c **** {
  30              		.loc 1 63 1 view -0
  31              		.cfi_startproc
  32              		@ args = 0, pretend = 0, frame = 32
  33              		@ frame_needed = 0, uses_anonymous_args = 0
  34              		.loc 1 63 1 is_stmt 0 view .LVU1
  35 0000 F0B5     		push	{r4, r5, r6, r7, lr}
  36              	.LCFI0:
  37              		.cfi_def_cfa_offset 20
  38              		.cfi_offset 4, -20
  39              		.cfi_offset 5, -16
  40              		.cfi_offset 6, -12
  41              		.cfi_offset 7, -8
  42              		.cfi_offset 14, -4
  43 0002 89B0     		sub	sp, sp, #36
  44              	.LCFI1:
  45              		.cfi_def_cfa_offset 56
  64:USB_HOST/Target/usbh_conf.c ****   GPIO_InitTypeDef GPIO_InitStruct = {0};
  46              		.loc 1 64 3 is_stmt 1 view .LVU2
  47              		.loc 1 64 20 is_stmt 0 view .LVU3
  48 0004 0023     		movs	r3, #0
  49 0006 0393     		str	r3, [sp, #12]
  50 0008 0493     		str	r3, [sp, #16]
  51 000a 0593     		str	r3, [sp, #20]
ARM GAS  C:\Users\sub\AppData\Local\Temp\ccwsvbmP.s 			page 3


  52 000c 0693     		str	r3, [sp, #24]
  53 000e 0793     		str	r3, [sp, #28]
  65:USB_HOST/Target/usbh_conf.c ****   if(hcdHandle->Instance==USB_OTG_FS)
  54              		.loc 1 65 3 is_stmt 1 view .LVU4
  55              		.loc 1 65 15 is_stmt 0 view .LVU5
  56 0010 0368     		ldr	r3, [r0]
  57              		.loc 1 65 5 view .LVU6
  58 0012 B3F1A04F 		cmp	r3, #1342177280
  59 0016 01D0     		beq	.L4
  60              	.LVL1:
  61              	.L1:
  66:USB_HOST/Target/usbh_conf.c ****   {
  67:USB_HOST/Target/usbh_conf.c ****   /* USER CODE BEGIN USB_OTG_FS_MspInit 0 */
  68:USB_HOST/Target/usbh_conf.c **** 
  69:USB_HOST/Target/usbh_conf.c ****   /* USER CODE END USB_OTG_FS_MspInit 0 */
  70:USB_HOST/Target/usbh_conf.c **** 
  71:USB_HOST/Target/usbh_conf.c ****     __HAL_RCC_GPIOA_CLK_ENABLE();
  72:USB_HOST/Target/usbh_conf.c ****     /**USB_OTG_FS GPIO Configuration
  73:USB_HOST/Target/usbh_conf.c ****     PA9     ------> USB_OTG_FS_VBUS
  74:USB_HOST/Target/usbh_conf.c ****     PA10     ------> USB_OTG_FS_ID
  75:USB_HOST/Target/usbh_conf.c ****     PA11     ------> USB_OTG_FS_DM
  76:USB_HOST/Target/usbh_conf.c ****     PA12     ------> USB_OTG_FS_DP
  77:USB_HOST/Target/usbh_conf.c ****     */
  78:USB_HOST/Target/usbh_conf.c ****     GPIO_InitStruct.Pin = VBUS_FS_Pin;
  79:USB_HOST/Target/usbh_conf.c ****     GPIO_InitStruct.Mode = GPIO_MODE_INPUT;
  80:USB_HOST/Target/usbh_conf.c ****     GPIO_InitStruct.Pull = GPIO_NOPULL;
  81:USB_HOST/Target/usbh_conf.c ****     HAL_GPIO_Init(VBUS_FS_GPIO_Port, &GPIO_InitStruct);
  82:USB_HOST/Target/usbh_conf.c **** 
  83:USB_HOST/Target/usbh_conf.c ****     GPIO_InitStruct.Pin = OTG_FS_ID_Pin|OTG_FS_DM_Pin|OTG_FS_DP_Pin;
  84:USB_HOST/Target/usbh_conf.c ****     GPIO_InitStruct.Mode = GPIO_MODE_AF_PP;
  85:USB_HOST/Target/usbh_conf.c ****     GPIO_InitStruct.Pull = GPIO_NOPULL;
  86:USB_HOST/Target/usbh_conf.c ****     GPIO_InitStruct.Speed = GPIO_SPEED_FREQ_LOW;
  87:USB_HOST/Target/usbh_conf.c ****     GPIO_InitStruct.Alternate = GPIO_AF10_OTG_FS;
  88:USB_HOST/Target/usbh_conf.c ****     HAL_GPIO_Init(GPIOA, &GPIO_InitStruct);
  89:USB_HOST/Target/usbh_conf.c **** 
  90:USB_HOST/Target/usbh_conf.c ****     /* Peripheral clock enable */
  91:USB_HOST/Target/usbh_conf.c ****     __HAL_RCC_USB_OTG_FS_CLK_ENABLE();
  92:USB_HOST/Target/usbh_conf.c **** 
  93:USB_HOST/Target/usbh_conf.c ****     /* Peripheral interrupt init */
  94:USB_HOST/Target/usbh_conf.c ****     HAL_NVIC_SetPriority(OTG_FS_IRQn, 5, 0);
  95:USB_HOST/Target/usbh_conf.c ****     HAL_NVIC_EnableIRQ(OTG_FS_IRQn);
  96:USB_HOST/Target/usbh_conf.c ****   /* USER CODE BEGIN USB_OTG_FS_MspInit 1 */
  97:USB_HOST/Target/usbh_conf.c **** 
  98:USB_HOST/Target/usbh_conf.c ****   /* USER CODE END USB_OTG_FS_MspInit 1 */
  99:USB_HOST/Target/usbh_conf.c ****   }
 100:USB_HOST/Target/usbh_conf.c **** }
  62              		.loc 1 100 1 view .LVU7
  63 0018 09B0     		add	sp, sp, #36
  64              	.LCFI2:
  65              		.cfi_remember_state
  66              		.cfi_def_cfa_offset 20
  67              		@ sp needed
  68 001a F0BD     		pop	{r4, r5, r6, r7, pc}
  69              	.LVL2:
  70              	.L4:
  71              	.LCFI3:
  72              		.cfi_restore_state
ARM GAS  C:\Users\sub\AppData\Local\Temp\ccwsvbmP.s 			page 4


  73              		.loc 1 100 1 view .LVU8
  74 001c 03AA     		add	r2, sp, #12
  71:USB_HOST/Target/usbh_conf.c ****     /**USB_OTG_FS GPIO Configuration
  75              		.loc 1 71 5 is_stmt 1 view .LVU9
  76              	.LBB2:
  71:USB_HOST/Target/usbh_conf.c ****     /**USB_OTG_FS GPIO Configuration
  77              		.loc 1 71 5 view .LVU10
  78 001e 0025     		movs	r5, #0
  79 0020 0195     		str	r5, [sp, #4]
  71:USB_HOST/Target/usbh_conf.c ****     /**USB_OTG_FS GPIO Configuration
  80              		.loc 1 71 5 view .LVU11
  81 0022 1B4C     		ldr	r4, .L5
  82 0024 236B     		ldr	r3, [r4, #48]
  83 0026 43F00103 		orr	r3, r3, #1
  84 002a 2363     		str	r3, [r4, #48]
  71:USB_HOST/Target/usbh_conf.c ****     /**USB_OTG_FS GPIO Configuration
  85              		.loc 1 71 5 view .LVU12
  86 002c 236B     		ldr	r3, [r4, #48]
  87 002e 03F00103 		and	r3, r3, #1
  88 0032 0193     		str	r3, [sp, #4]
  71:USB_HOST/Target/usbh_conf.c ****     /**USB_OTG_FS GPIO Configuration
  89              		.loc 1 71 5 view .LVU13
  90 0034 019B     		ldr	r3, [sp, #4]
  91              	.LBE2:
  71:USB_HOST/Target/usbh_conf.c ****     /**USB_OTG_FS GPIO Configuration
  92              		.loc 1 71 5 view .LVU14
  78:USB_HOST/Target/usbh_conf.c ****     GPIO_InitStruct.Mode = GPIO_MODE_INPUT;
  93              		.loc 1 78 5 view .LVU15
  78:USB_HOST/Target/usbh_conf.c ****     GPIO_InitStruct.Mode = GPIO_MODE_INPUT;
  94              		.loc 1 78 25 is_stmt 0 view .LVU16
  95 0036 4FF40073 		mov	r3, #512
  96 003a 0393     		str	r3, [sp, #12]
  79:USB_HOST/Target/usbh_conf.c ****     GPIO_InitStruct.Pull = GPIO_NOPULL;
  97              		.loc 1 79 5 is_stmt 1 view .LVU17
  80:USB_HOST/Target/usbh_conf.c ****     HAL_GPIO_Init(VBUS_FS_GPIO_Port, &GPIO_InitStruct);
  98              		.loc 1 80 5 view .LVU18
  81:USB_HOST/Target/usbh_conf.c **** 
  99              		.loc 1 81 5 view .LVU19
 100 003c 1746     		mov	r7, r2
 101 003e 154E     		ldr	r6, .L5+4
 102 0040 1146     		mov	r1, r2
 103 0042 3046     		mov	r0, r6
 104              	.LVL3:
  81:USB_HOST/Target/usbh_conf.c **** 
 105              		.loc 1 81 5 is_stmt 0 view .LVU20
 106 0044 FFF7FEFF 		bl	HAL_GPIO_Init
 107              	.LVL4:
  83:USB_HOST/Target/usbh_conf.c ****     GPIO_InitStruct.Mode = GPIO_MODE_AF_PP;
 108              		.loc 1 83 5 is_stmt 1 view .LVU21
  83:USB_HOST/Target/usbh_conf.c ****     GPIO_InitStruct.Mode = GPIO_MODE_AF_PP;
 109              		.loc 1 83 25 is_stmt 0 view .LVU22
 110 0048 4FF4E053 		mov	r3, #7168
 111 004c 0393     		str	r3, [sp, #12]
  84:USB_HOST/Target/usbh_conf.c ****     GPIO_InitStruct.Pull = GPIO_NOPULL;
 112              		.loc 1 84 5 is_stmt 1 view .LVU23
  84:USB_HOST/Target/usbh_conf.c ****     GPIO_InitStruct.Pull = GPIO_NOPULL;
 113              		.loc 1 84 26 is_stmt 0 view .LVU24
ARM GAS  C:\Users\sub\AppData\Local\Temp\ccwsvbmP.s 			page 5


 114 004e 0223     		movs	r3, #2
 115 0050 0493     		str	r3, [sp, #16]
  85:USB_HOST/Target/usbh_conf.c ****     GPIO_InitStruct.Speed = GPIO_SPEED_FREQ_LOW;
 116              		.loc 1 85 5 is_stmt 1 view .LVU25
  85:USB_HOST/Target/usbh_conf.c ****     GPIO_InitStruct.Speed = GPIO_SPEED_FREQ_LOW;
 117              		.loc 1 85 26 is_stmt 0 view .LVU26
 118 0052 0595     		str	r5, [sp, #20]
  86:USB_HOST/Target/usbh_conf.c ****     GPIO_InitStruct.Alternate = GPIO_AF10_OTG_FS;
 119              		.loc 1 86 5 is_stmt 1 view .LVU27
  86:USB_HOST/Target/usbh_conf.c ****     GPIO_InitStruct.Alternate = GPIO_AF10_OTG_FS;
 120              		.loc 1 86 27 is_stmt 0 view .LVU28
 121 0054 0695     		str	r5, [sp, #24]
  87:USB_HOST/Target/usbh_conf.c ****     HAL_GPIO_Init(GPIOA, &GPIO_InitStruct);
 122              		.loc 1 87 5 is_stmt 1 view .LVU29
  87:USB_HOST/Target/usbh_conf.c ****     HAL_GPIO_Init(GPIOA, &GPIO_InitStruct);
 123              		.loc 1 87 31 is_stmt 0 view .LVU30
 124 0056 0A23     		movs	r3, #10
 125 0058 0793     		str	r3, [sp, #28]
  88:USB_HOST/Target/usbh_conf.c **** 
 126              		.loc 1 88 5 is_stmt 1 view .LVU31
 127 005a 3946     		mov	r1, r7
 128 005c 3046     		mov	r0, r6
 129 005e FFF7FEFF 		bl	HAL_GPIO_Init
 130              	.LVL5:
  91:USB_HOST/Target/usbh_conf.c **** 
 131              		.loc 1 91 5 view .LVU32
  91:USB_HOST/Target/usbh_conf.c **** 
 132              		.loc 1 91 5 view .LVU33
 133 0062 636B     		ldr	r3, [r4, #52]
 134 0064 43F08003 		orr	r3, r3, #128
 135 0068 6363     		str	r3, [r4, #52]
  91:USB_HOST/Target/usbh_conf.c **** 
 136              		.loc 1 91 5 view .LVU34
 137              	.LBB3:
  91:USB_HOST/Target/usbh_conf.c **** 
 138              		.loc 1 91 5 view .LVU35
 139 006a 0295     		str	r5, [sp, #8]
  91:USB_HOST/Target/usbh_conf.c **** 
 140              		.loc 1 91 5 view .LVU36
 141 006c 636C     		ldr	r3, [r4, #68]
 142 006e 43F48043 		orr	r3, r3, #16384
 143 0072 6364     		str	r3, [r4, #68]
  91:USB_HOST/Target/usbh_conf.c **** 
 144              		.loc 1 91 5 view .LVU37
 145 0074 636C     		ldr	r3, [r4, #68]
 146 0076 03F48043 		and	r3, r3, #16384
 147 007a 0293     		str	r3, [sp, #8]
  91:USB_HOST/Target/usbh_conf.c **** 
 148              		.loc 1 91 5 view .LVU38
 149 007c 029B     		ldr	r3, [sp, #8]
 150              	.LBE3:
  91:USB_HOST/Target/usbh_conf.c **** 
 151              		.loc 1 91 5 view .LVU39
  91:USB_HOST/Target/usbh_conf.c **** 
 152              		.loc 1 91 5 view .LVU40
  94:USB_HOST/Target/usbh_conf.c ****     HAL_NVIC_EnableIRQ(OTG_FS_IRQn);
 153              		.loc 1 94 5 view .LVU41
ARM GAS  C:\Users\sub\AppData\Local\Temp\ccwsvbmP.s 			page 6


 154 007e 2A46     		mov	r2, r5
 155 0080 0521     		movs	r1, #5
 156 0082 4320     		movs	r0, #67
 157 0084 FFF7FEFF 		bl	HAL_NVIC_SetPriority
 158              	.LVL6:
  95:USB_HOST/Target/usbh_conf.c ****   /* USER CODE BEGIN USB_OTG_FS_MspInit 1 */
 159              		.loc 1 95 5 view .LVU42
 160 0088 4320     		movs	r0, #67
 161 008a FFF7FEFF 		bl	HAL_NVIC_EnableIRQ
 162              	.LVL7:
 163              		.loc 1 100 1 is_stmt 0 view .LVU43
 164 008e C3E7     		b	.L1
 165              	.L6:
 166              		.align	2
 167              	.L5:
 168 0090 00380240 		.word	1073887232
 169 0094 00000240 		.word	1073872896
 170              		.cfi_endproc
 171              	.LFE142:
 173              		.section	.text.HAL_HCD_MspDeInit,"ax",%progbits
 174              		.align	1
 175              		.global	HAL_HCD_MspDeInit
 176              		.syntax unified
 177              		.thumb
 178              		.thumb_func
 180              	HAL_HCD_MspDeInit:
 181              	.LVL8:
 182              	.LFB143:
 101:USB_HOST/Target/usbh_conf.c **** 
 102:USB_HOST/Target/usbh_conf.c **** void HAL_HCD_MspDeInit(HCD_HandleTypeDef* hcdHandle)
 103:USB_HOST/Target/usbh_conf.c **** {
 183              		.loc 1 103 1 is_stmt 1 view -0
 184              		.cfi_startproc
 185              		@ args = 0, pretend = 0, frame = 0
 186              		@ frame_needed = 0, uses_anonymous_args = 0
 187              		.loc 1 103 1 is_stmt 0 view .LVU45
 188 0000 08B5     		push	{r3, lr}
 189              	.LCFI4:
 190              		.cfi_def_cfa_offset 8
 191              		.cfi_offset 3, -8
 192              		.cfi_offset 14, -4
 104:USB_HOST/Target/usbh_conf.c ****   if(hcdHandle->Instance==USB_OTG_FS)
 193              		.loc 1 104 3 is_stmt 1 view .LVU46
 194              		.loc 1 104 15 is_stmt 0 view .LVU47
 195 0002 0368     		ldr	r3, [r0]
 196              		.loc 1 104 5 view .LVU48
 197 0004 B3F1A04F 		cmp	r3, #1342177280
 198 0008 00D0     		beq	.L10
 199              	.LVL9:
 200              	.L7:
 105:USB_HOST/Target/usbh_conf.c ****   {
 106:USB_HOST/Target/usbh_conf.c ****   /* USER CODE BEGIN USB_OTG_FS_MspDeInit 0 */
 107:USB_HOST/Target/usbh_conf.c **** 
 108:USB_HOST/Target/usbh_conf.c ****   /* USER CODE END USB_OTG_FS_MspDeInit 0 */
 109:USB_HOST/Target/usbh_conf.c ****     /* Peripheral clock disable */
 110:USB_HOST/Target/usbh_conf.c ****     __HAL_RCC_USB_OTG_FS_CLK_DISABLE();
 111:USB_HOST/Target/usbh_conf.c **** 
ARM GAS  C:\Users\sub\AppData\Local\Temp\ccwsvbmP.s 			page 7


 112:USB_HOST/Target/usbh_conf.c ****     /**USB_OTG_FS GPIO Configuration
 113:USB_HOST/Target/usbh_conf.c ****     PA9     ------> USB_OTG_FS_VBUS
 114:USB_HOST/Target/usbh_conf.c ****     PA10     ------> USB_OTG_FS_ID
 115:USB_HOST/Target/usbh_conf.c ****     PA11     ------> USB_OTG_FS_DM
 116:USB_HOST/Target/usbh_conf.c ****     PA12     ------> USB_OTG_FS_DP
 117:USB_HOST/Target/usbh_conf.c ****     */
 118:USB_HOST/Target/usbh_conf.c ****     HAL_GPIO_DeInit(GPIOA, VBUS_FS_Pin|OTG_FS_ID_Pin|OTG_FS_DM_Pin|OTG_FS_DP_Pin);
 119:USB_HOST/Target/usbh_conf.c **** 
 120:USB_HOST/Target/usbh_conf.c ****     /* Peripheral interrupt Deinit*/
 121:USB_HOST/Target/usbh_conf.c ****     HAL_NVIC_DisableIRQ(OTG_FS_IRQn);
 122:USB_HOST/Target/usbh_conf.c **** 
 123:USB_HOST/Target/usbh_conf.c ****   /* USER CODE BEGIN USB_OTG_FS_MspDeInit 1 */
 124:USB_HOST/Target/usbh_conf.c **** 
 125:USB_HOST/Target/usbh_conf.c ****   /* USER CODE END USB_OTG_FS_MspDeInit 1 */
 126:USB_HOST/Target/usbh_conf.c ****   }
 127:USB_HOST/Target/usbh_conf.c **** }
 201              		.loc 1 127 1 view .LVU49
 202 000a 08BD     		pop	{r3, pc}
 203              	.LVL10:
 204              	.L10:
 110:USB_HOST/Target/usbh_conf.c **** 
 205              		.loc 1 110 5 is_stmt 1 view .LVU50
 206 000c 064A     		ldr	r2, .L11
 207 000e 536B     		ldr	r3, [r2, #52]
 208 0010 23F08003 		bic	r3, r3, #128
 209 0014 5363     		str	r3, [r2, #52]
 118:USB_HOST/Target/usbh_conf.c **** 
 210              		.loc 1 118 5 view .LVU51
 211 0016 4FF4F051 		mov	r1, #7680
 212 001a 0448     		ldr	r0, .L11+4
 213              	.LVL11:
 118:USB_HOST/Target/usbh_conf.c **** 
 214              		.loc 1 118 5 is_stmt 0 view .LVU52
 215 001c FFF7FEFF 		bl	HAL_GPIO_DeInit
 216              	.LVL12:
 121:USB_HOST/Target/usbh_conf.c **** 
 217              		.loc 1 121 5 is_stmt 1 view .LVU53
 218 0020 4320     		movs	r0, #67
 219 0022 FFF7FEFF 		bl	HAL_NVIC_DisableIRQ
 220              	.LVL13:
 221              		.loc 1 127 1 is_stmt 0 view .LVU54
 222 0026 F0E7     		b	.L7
 223              	.L12:
 224              		.align	2
 225              	.L11:
 226 0028 00380240 		.word	1073887232
 227 002c 00000240 		.word	1073872896
 228              		.cfi_endproc
 229              	.LFE143:
 231              		.section	.text.HAL_HCD_SOF_Callback,"ax",%progbits
 232              		.align	1
 233              		.global	HAL_HCD_SOF_Callback
 234              		.syntax unified
 235              		.thumb
 236              		.thumb_func
 238              	HAL_HCD_SOF_Callback:
 239              	.LVL14:
ARM GAS  C:\Users\sub\AppData\Local\Temp\ccwsvbmP.s 			page 8


 240              	.LFB144:
 128:USB_HOST/Target/usbh_conf.c **** 
 129:USB_HOST/Target/usbh_conf.c **** /**
 130:USB_HOST/Target/usbh_conf.c ****   * @brief  SOF callback.
 131:USB_HOST/Target/usbh_conf.c ****   * @param  hhcd: HCD handle
 132:USB_HOST/Target/usbh_conf.c ****   * @retval None
 133:USB_HOST/Target/usbh_conf.c ****   */
 134:USB_HOST/Target/usbh_conf.c **** void HAL_HCD_SOF_Callback(HCD_HandleTypeDef *hhcd)
 135:USB_HOST/Target/usbh_conf.c **** {
 241              		.loc 1 135 1 is_stmt 1 view -0
 242              		.cfi_startproc
 243              		@ args = 0, pretend = 0, frame = 0
 244              		@ frame_needed = 0, uses_anonymous_args = 0
 245              		.loc 1 135 1 is_stmt 0 view .LVU56
 246 0000 08B5     		push	{r3, lr}
 247              	.LCFI5:
 248              		.cfi_def_cfa_offset 8
 249              		.cfi_offset 3, -8
 250              		.cfi_offset 14, -4
 136:USB_HOST/Target/usbh_conf.c ****   USBH_LL_IncTimer(hhcd->pData);
 251              		.loc 1 136 3 is_stmt 1 view .LVU57
 252 0002 D0F8DC03 		ldr	r0, [r0, #988]
 253              	.LVL15:
 254              		.loc 1 136 3 is_stmt 0 view .LVU58
 255 0006 FFF7FEFF 		bl	USBH_LL_IncTimer
 256              	.LVL16:
 137:USB_HOST/Target/usbh_conf.c **** }
 257              		.loc 1 137 1 view .LVU59
 258 000a 08BD     		pop	{r3, pc}
 259              		.cfi_endproc
 260              	.LFE144:
 262              		.section	.text.HAL_HCD_Connect_Callback,"ax",%progbits
 263              		.align	1
 264              		.global	HAL_HCD_Connect_Callback
 265              		.syntax unified
 266              		.thumb
 267              		.thumb_func
 269              	HAL_HCD_Connect_Callback:
 270              	.LVL17:
 271              	.LFB145:
 138:USB_HOST/Target/usbh_conf.c **** 
 139:USB_HOST/Target/usbh_conf.c **** /**
 140:USB_HOST/Target/usbh_conf.c ****   * @brief  SOF callback.
 141:USB_HOST/Target/usbh_conf.c ****   * @param  hhcd: HCD handle
 142:USB_HOST/Target/usbh_conf.c ****   * @retval None
 143:USB_HOST/Target/usbh_conf.c ****   */
 144:USB_HOST/Target/usbh_conf.c **** void HAL_HCD_Connect_Callback(HCD_HandleTypeDef *hhcd)
 145:USB_HOST/Target/usbh_conf.c **** {
 272              		.loc 1 145 1 is_stmt 1 view -0
 273              		.cfi_startproc
 274              		@ args = 0, pretend = 0, frame = 0
 275              		@ frame_needed = 0, uses_anonymous_args = 0
 276              		.loc 1 145 1 is_stmt 0 view .LVU61
 277 0000 08B5     		push	{r3, lr}
 278              	.LCFI6:
 279              		.cfi_def_cfa_offset 8
 280              		.cfi_offset 3, -8
ARM GAS  C:\Users\sub\AppData\Local\Temp\ccwsvbmP.s 			page 9


 281              		.cfi_offset 14, -4
 146:USB_HOST/Target/usbh_conf.c ****   USBH_LL_Connect(hhcd->pData);
 282              		.loc 1 146 3 is_stmt 1 view .LVU62
 283 0002 D0F8DC03 		ldr	r0, [r0, #988]
 284              	.LVL18:
 285              		.loc 1 146 3 is_stmt 0 view .LVU63
 286 0006 FFF7FEFF 		bl	USBH_LL_Connect
 287              	.LVL19:
 147:USB_HOST/Target/usbh_conf.c **** }
 288              		.loc 1 147 1 view .LVU64
 289 000a 08BD     		pop	{r3, pc}
 290              		.cfi_endproc
 291              	.LFE145:
 293              		.section	.text.HAL_HCD_Disconnect_Callback,"ax",%progbits
 294              		.align	1
 295              		.global	HAL_HCD_Disconnect_Callback
 296              		.syntax unified
 297              		.thumb
 298              		.thumb_func
 300              	HAL_HCD_Disconnect_Callback:
 301              	.LVL20:
 302              	.LFB146:
 148:USB_HOST/Target/usbh_conf.c **** 
 149:USB_HOST/Target/usbh_conf.c **** /**
 150:USB_HOST/Target/usbh_conf.c ****   * @brief  SOF callback.
 151:USB_HOST/Target/usbh_conf.c ****   * @param  hhcd: HCD handle
 152:USB_HOST/Target/usbh_conf.c ****   * @retval None
 153:USB_HOST/Target/usbh_conf.c ****   */
 154:USB_HOST/Target/usbh_conf.c **** void HAL_HCD_Disconnect_Callback(HCD_HandleTypeDef *hhcd)
 155:USB_HOST/Target/usbh_conf.c **** {
 303              		.loc 1 155 1 is_stmt 1 view -0
 304              		.cfi_startproc
 305              		@ args = 0, pretend = 0, frame = 0
 306              		@ frame_needed = 0, uses_anonymous_args = 0
 307              		.loc 1 155 1 is_stmt 0 view .LVU66
 308 0000 08B5     		push	{r3, lr}
 309              	.LCFI7:
 310              		.cfi_def_cfa_offset 8
 311              		.cfi_offset 3, -8
 312              		.cfi_offset 14, -4
 156:USB_HOST/Target/usbh_conf.c ****   USBH_LL_Disconnect(hhcd->pData);
 313              		.loc 1 156 3 is_stmt 1 view .LVU67
 314 0002 D0F8DC03 		ldr	r0, [r0, #988]
 315              	.LVL21:
 316              		.loc 1 156 3 is_stmt 0 view .LVU68
 317 0006 FFF7FEFF 		bl	USBH_LL_Disconnect
 318              	.LVL22:
 157:USB_HOST/Target/usbh_conf.c **** }
 319              		.loc 1 157 1 view .LVU69
 320 000a 08BD     		pop	{r3, pc}
 321              		.cfi_endproc
 322              	.LFE146:
 324              		.section	.text.HAL_HCD_HC_NotifyURBChange_Callback,"ax",%progbits
 325              		.align	1
 326              		.global	HAL_HCD_HC_NotifyURBChange_Callback
 327              		.syntax unified
 328              		.thumb
ARM GAS  C:\Users\sub\AppData\Local\Temp\ccwsvbmP.s 			page 10


 329              		.thumb_func
 331              	HAL_HCD_HC_NotifyURBChange_Callback:
 332              	.LVL23:
 333              	.LFB147:
 158:USB_HOST/Target/usbh_conf.c **** 
 159:USB_HOST/Target/usbh_conf.c **** /**
 160:USB_HOST/Target/usbh_conf.c ****   * @brief  Notify URB state change callback.
 161:USB_HOST/Target/usbh_conf.c ****   * @param  hhcd: HCD handle
 162:USB_HOST/Target/usbh_conf.c ****   * @param  chnum: channel number
 163:USB_HOST/Target/usbh_conf.c ****   * @param  urb_state: state
 164:USB_HOST/Target/usbh_conf.c ****   * @retval None
 165:USB_HOST/Target/usbh_conf.c ****   */
 166:USB_HOST/Target/usbh_conf.c **** void HAL_HCD_HC_NotifyURBChange_Callback(HCD_HandleTypeDef *hhcd, uint8_t chnum, HCD_URBStateTypeDe
 167:USB_HOST/Target/usbh_conf.c **** {
 334              		.loc 1 167 1 is_stmt 1 view -0
 335              		.cfi_startproc
 336              		@ args = 0, pretend = 0, frame = 0
 337              		@ frame_needed = 0, uses_anonymous_args = 0
 338              		.loc 1 167 1 is_stmt 0 view .LVU71
 339 0000 08B5     		push	{r3, lr}
 340              	.LCFI8:
 341              		.cfi_def_cfa_offset 8
 342              		.cfi_offset 3, -8
 343              		.cfi_offset 14, -4
 168:USB_HOST/Target/usbh_conf.c ****   /* To be used with OS to sync URB state with the global state machine */
 169:USB_HOST/Target/usbh_conf.c **** #if (USBH_USE_OS == 1)
 170:USB_HOST/Target/usbh_conf.c ****   USBH_LL_NotifyURBChange(hhcd->pData);
 344              		.loc 1 170 3 is_stmt 1 view .LVU72
 345 0002 D0F8DC03 		ldr	r0, [r0, #988]
 346              	.LVL24:
 347              		.loc 1 170 3 is_stmt 0 view .LVU73
 348 0006 FFF7FEFF 		bl	USBH_LL_NotifyURBChange
 349              	.LVL25:
 171:USB_HOST/Target/usbh_conf.c **** #endif
 172:USB_HOST/Target/usbh_conf.c **** }
 350              		.loc 1 172 1 view .LVU74
 351 000a 08BD     		pop	{r3, pc}
 352              		.cfi_endproc
 353              	.LFE147:
 355              		.section	.text.HAL_HCD_PortEnabled_Callback,"ax",%progbits
 356              		.align	1
 357              		.global	HAL_HCD_PortEnabled_Callback
 358              		.syntax unified
 359              		.thumb
 360              		.thumb_func
 362              	HAL_HCD_PortEnabled_Callback:
 363              	.LVL26:
 364              	.LFB148:
 173:USB_HOST/Target/usbh_conf.c **** /**
 174:USB_HOST/Target/usbh_conf.c **** * @brief  Port Port Enabled callback.
 175:USB_HOST/Target/usbh_conf.c ****   * @param  hhcd: HCD handle
 176:USB_HOST/Target/usbh_conf.c ****   * @retval None
 177:USB_HOST/Target/usbh_conf.c ****   */
 178:USB_HOST/Target/usbh_conf.c **** void HAL_HCD_PortEnabled_Callback(HCD_HandleTypeDef *hhcd)
 179:USB_HOST/Target/usbh_conf.c **** {
 365              		.loc 1 179 1 is_stmt 1 view -0
 366              		.cfi_startproc
ARM GAS  C:\Users\sub\AppData\Local\Temp\ccwsvbmP.s 			page 11


 367              		@ args = 0, pretend = 0, frame = 0
 368              		@ frame_needed = 0, uses_anonymous_args = 0
 369              		.loc 1 179 1 is_stmt 0 view .LVU76
 370 0000 08B5     		push	{r3, lr}
 371              	.LCFI9:
 372              		.cfi_def_cfa_offset 8
 373              		.cfi_offset 3, -8
 374              		.cfi_offset 14, -4
 180:USB_HOST/Target/usbh_conf.c ****   USBH_LL_PortEnabled(hhcd->pData);
 375              		.loc 1 180 3 is_stmt 1 view .LVU77
 376 0002 D0F8DC03 		ldr	r0, [r0, #988]
 377              	.LVL27:
 378              		.loc 1 180 3 is_stmt 0 view .LVU78
 379 0006 FFF7FEFF 		bl	USBH_LL_PortEnabled
 380              	.LVL28:
 181:USB_HOST/Target/usbh_conf.c **** }
 381              		.loc 1 181 1 view .LVU79
 382 000a 08BD     		pop	{r3, pc}
 383              		.cfi_endproc
 384              	.LFE148:
 386              		.section	.text.HAL_HCD_PortDisabled_Callback,"ax",%progbits
 387              		.align	1
 388              		.global	HAL_HCD_PortDisabled_Callback
 389              		.syntax unified
 390              		.thumb
 391              		.thumb_func
 393              	HAL_HCD_PortDisabled_Callback:
 394              	.LVL29:
 395              	.LFB149:
 182:USB_HOST/Target/usbh_conf.c **** 
 183:USB_HOST/Target/usbh_conf.c **** /**
 184:USB_HOST/Target/usbh_conf.c ****   * @brief  Port Port Disabled callback.
 185:USB_HOST/Target/usbh_conf.c ****   * @param  hhcd: HCD handle
 186:USB_HOST/Target/usbh_conf.c ****   * @retval None
 187:USB_HOST/Target/usbh_conf.c ****   */
 188:USB_HOST/Target/usbh_conf.c **** void HAL_HCD_PortDisabled_Callback(HCD_HandleTypeDef *hhcd)
 189:USB_HOST/Target/usbh_conf.c **** {
 396              		.loc 1 189 1 is_stmt 1 view -0
 397              		.cfi_startproc
 398              		@ args = 0, pretend = 0, frame = 0
 399              		@ frame_needed = 0, uses_anonymous_args = 0
 400              		.loc 1 189 1 is_stmt 0 view .LVU81
 401 0000 08B5     		push	{r3, lr}
 402              	.LCFI10:
 403              		.cfi_def_cfa_offset 8
 404              		.cfi_offset 3, -8
 405              		.cfi_offset 14, -4
 190:USB_HOST/Target/usbh_conf.c ****   USBH_LL_PortDisabled(hhcd->pData);
 406              		.loc 1 190 3 is_stmt 1 view .LVU82
 407 0002 D0F8DC03 		ldr	r0, [r0, #988]
 408              	.LVL30:
 409              		.loc 1 190 3 is_stmt 0 view .LVU83
 410 0006 FFF7FEFF 		bl	USBH_LL_PortDisabled
 411              	.LVL31:
 191:USB_HOST/Target/usbh_conf.c **** }
 412              		.loc 1 191 1 view .LVU84
 413 000a 08BD     		pop	{r3, pc}
ARM GAS  C:\Users\sub\AppData\Local\Temp\ccwsvbmP.s 			page 12


 414              		.cfi_endproc
 415              	.LFE149:
 417              		.section	.text.USBH_LL_Init,"ax",%progbits
 418              		.align	1
 419              		.global	USBH_LL_Init
 420              		.syntax unified
 421              		.thumb
 422              		.thumb_func
 424              	USBH_LL_Init:
 425              	.LVL32:
 426              	.LFB150:
 192:USB_HOST/Target/usbh_conf.c **** 
 193:USB_HOST/Target/usbh_conf.c **** /*******************************************************************************
 194:USB_HOST/Target/usbh_conf.c ****                        LL Driver Interface (USB Host Library --> HCD)
 195:USB_HOST/Target/usbh_conf.c **** *******************************************************************************/
 196:USB_HOST/Target/usbh_conf.c **** 
 197:USB_HOST/Target/usbh_conf.c **** /**
 198:USB_HOST/Target/usbh_conf.c ****   * @brief  Initialize the low level portion of the host driver.
 199:USB_HOST/Target/usbh_conf.c ****   * @param  phost: Host handle
 200:USB_HOST/Target/usbh_conf.c ****   * @retval USBH status
 201:USB_HOST/Target/usbh_conf.c ****   */
 202:USB_HOST/Target/usbh_conf.c **** USBH_StatusTypeDef USBH_LL_Init(USBH_HandleTypeDef *phost)
 203:USB_HOST/Target/usbh_conf.c **** {
 427              		.loc 1 203 1 is_stmt 1 view -0
 428              		.cfi_startproc
 429              		@ args = 0, pretend = 0, frame = 0
 430              		@ frame_needed = 0, uses_anonymous_args = 0
 204:USB_HOST/Target/usbh_conf.c ****   /* Init USB_IP */
 205:USB_HOST/Target/usbh_conf.c ****   if (phost->id == HOST_FS) {
 431              		.loc 1 205 3 view .LVU86
 432              		.loc 1 205 12 is_stmt 0 view .LVU87
 433 0000 90F8CC33 		ldrb	r3, [r0, #972]	@ zero_extendqisi2
 434              		.loc 1 205 6 view .LVU88
 435 0004 012B     		cmp	r3, #1
 436 0006 01D0     		beq	.L32
 206:USB_HOST/Target/usbh_conf.c ****   /* Link the driver to the stack. */
 207:USB_HOST/Target/usbh_conf.c ****   hhcd_USB_OTG_FS.pData = phost;
 208:USB_HOST/Target/usbh_conf.c ****   phost->pData = &hhcd_USB_OTG_FS;
 209:USB_HOST/Target/usbh_conf.c **** 
 210:USB_HOST/Target/usbh_conf.c ****   hhcd_USB_OTG_FS.Instance = USB_OTG_FS;
 211:USB_HOST/Target/usbh_conf.c ****   hhcd_USB_OTG_FS.Init.Host_channels = 8;
 212:USB_HOST/Target/usbh_conf.c ****   hhcd_USB_OTG_FS.Init.speed = HCD_SPEED_FULL;
 213:USB_HOST/Target/usbh_conf.c ****   hhcd_USB_OTG_FS.Init.dma_enable = DISABLE;
 214:USB_HOST/Target/usbh_conf.c ****   hhcd_USB_OTG_FS.Init.phy_itface = HCD_PHY_EMBEDDED;
 215:USB_HOST/Target/usbh_conf.c ****   hhcd_USB_OTG_FS.Init.Sof_enable = DISABLE;
 216:USB_HOST/Target/usbh_conf.c ****   if (HAL_HCD_Init(&hhcd_USB_OTG_FS) != HAL_OK)
 217:USB_HOST/Target/usbh_conf.c ****   {
 218:USB_HOST/Target/usbh_conf.c ****     Error_Handler( );
 219:USB_HOST/Target/usbh_conf.c ****   }
 220:USB_HOST/Target/usbh_conf.c **** 
 221:USB_HOST/Target/usbh_conf.c ****   USBH_LL_SetTimer(phost, HAL_HCD_GetCurrentFrame(&hhcd_USB_OTG_FS));
 222:USB_HOST/Target/usbh_conf.c ****   }
 223:USB_HOST/Target/usbh_conf.c ****   return USBH_OK;
 437              		.loc 1 223 3 is_stmt 1 view .LVU89
 224:USB_HOST/Target/usbh_conf.c **** }
 438              		.loc 1 224 1 is_stmt 0 view .LVU90
 439 0008 0020     		movs	r0, #0
ARM GAS  C:\Users\sub\AppData\Local\Temp\ccwsvbmP.s 			page 13


 440              	.LVL33:
 441              		.loc 1 224 1 view .LVU91
 442 000a 7047     		bx	lr
 443              	.LVL34:
 444              	.L32:
 203:USB_HOST/Target/usbh_conf.c ****   /* Init USB_IP */
 445              		.loc 1 203 1 view .LVU92
 446 000c 10B5     		push	{r4, lr}
 447              	.LCFI11:
 448              		.cfi_def_cfa_offset 8
 449              		.cfi_offset 4, -8
 450              		.cfi_offset 14, -4
 451 000e 0446     		mov	r4, r0
 207:USB_HOST/Target/usbh_conf.c ****   phost->pData = &hhcd_USB_OTG_FS;
 452              		.loc 1 207 3 is_stmt 1 view .LVU93
 207:USB_HOST/Target/usbh_conf.c ****   phost->pData = &hhcd_USB_OTG_FS;
 453              		.loc 1 207 25 is_stmt 0 view .LVU94
 454 0010 0F48     		ldr	r0, .L34
 455              	.LVL35:
 207:USB_HOST/Target/usbh_conf.c ****   phost->pData = &hhcd_USB_OTG_FS;
 456              		.loc 1 207 25 view .LVU95
 457 0012 C0F8DC43 		str	r4, [r0, #988]
 208:USB_HOST/Target/usbh_conf.c **** 
 458              		.loc 1 208 3 is_stmt 1 view .LVU96
 208:USB_HOST/Target/usbh_conf.c **** 
 459              		.loc 1 208 16 is_stmt 0 view .LVU97
 460 0016 C4F8D003 		str	r0, [r4, #976]
 210:USB_HOST/Target/usbh_conf.c ****   hhcd_USB_OTG_FS.Init.Host_channels = 8;
 461              		.loc 1 210 3 is_stmt 1 view .LVU98
 210:USB_HOST/Target/usbh_conf.c ****   hhcd_USB_OTG_FS.Init.Host_channels = 8;
 462              		.loc 1 210 28 is_stmt 0 view .LVU99
 463 001a 4FF0A043 		mov	r3, #1342177280
 464 001e 0360     		str	r3, [r0]
 211:USB_HOST/Target/usbh_conf.c ****   hhcd_USB_OTG_FS.Init.speed = HCD_SPEED_FULL;
 465              		.loc 1 211 3 is_stmt 1 view .LVU100
 211:USB_HOST/Target/usbh_conf.c ****   hhcd_USB_OTG_FS.Init.speed = HCD_SPEED_FULL;
 466              		.loc 1 211 38 is_stmt 0 view .LVU101
 467 0020 0823     		movs	r3, #8
 468 0022 4371     		strb	r3, [r0, #5]
 212:USB_HOST/Target/usbh_conf.c ****   hhcd_USB_OTG_FS.Init.dma_enable = DISABLE;
 469              		.loc 1 212 3 is_stmt 1 view .LVU102
 212:USB_HOST/Target/usbh_conf.c ****   hhcd_USB_OTG_FS.Init.dma_enable = DISABLE;
 470              		.loc 1 212 30 is_stmt 0 view .LVU103
 471 0024 0123     		movs	r3, #1
 472 0026 C371     		strb	r3, [r0, #7]
 213:USB_HOST/Target/usbh_conf.c ****   hhcd_USB_OTG_FS.Init.phy_itface = HCD_PHY_EMBEDDED;
 473              		.loc 1 213 3 is_stmt 1 view .LVU104
 213:USB_HOST/Target/usbh_conf.c ****   hhcd_USB_OTG_FS.Init.phy_itface = HCD_PHY_EMBEDDED;
 474              		.loc 1 213 35 is_stmt 0 view .LVU105
 475 0028 0023     		movs	r3, #0
 476 002a 8371     		strb	r3, [r0, #6]
 214:USB_HOST/Target/usbh_conf.c ****   hhcd_USB_OTG_FS.Init.Sof_enable = DISABLE;
 477              		.loc 1 214 3 is_stmt 1 view .LVU106
 214:USB_HOST/Target/usbh_conf.c ****   hhcd_USB_OTG_FS.Init.Sof_enable = DISABLE;
 478              		.loc 1 214 35 is_stmt 0 view .LVU107
 479 002c 0222     		movs	r2, #2
 480 002e 4272     		strb	r2, [r0, #9]
ARM GAS  C:\Users\sub\AppData\Local\Temp\ccwsvbmP.s 			page 14


 215:USB_HOST/Target/usbh_conf.c ****   if (HAL_HCD_Init(&hhcd_USB_OTG_FS) != HAL_OK)
 481              		.loc 1 215 3 is_stmt 1 view .LVU108
 215:USB_HOST/Target/usbh_conf.c ****   if (HAL_HCD_Init(&hhcd_USB_OTG_FS) != HAL_OK)
 482              		.loc 1 215 35 is_stmt 0 view .LVU109
 483 0030 8372     		strb	r3, [r0, #10]
 216:USB_HOST/Target/usbh_conf.c ****   {
 484              		.loc 1 216 3 is_stmt 1 view .LVU110
 216:USB_HOST/Target/usbh_conf.c ****   {
 485              		.loc 1 216 7 is_stmt 0 view .LVU111
 486 0032 FFF7FEFF 		bl	HAL_HCD_Init
 487              	.LVL36:
 216:USB_HOST/Target/usbh_conf.c ****   {
 488              		.loc 1 216 6 discriminator 1 view .LVU112
 489 0036 40B9     		cbnz	r0, .L33
 490              	.L27:
 221:USB_HOST/Target/usbh_conf.c ****   }
 491              		.loc 1 221 3 is_stmt 1 view .LVU113
 492 0038 0548     		ldr	r0, .L34
 493 003a FFF7FEFF 		bl	HAL_HCD_GetCurrentFrame
 494              	.LVL37:
 495 003e 0146     		mov	r1, r0
 221:USB_HOST/Target/usbh_conf.c ****   }
 496              		.loc 1 221 3 is_stmt 0 discriminator 1 view .LVU114
 497 0040 2046     		mov	r0, r4
 498 0042 FFF7FEFF 		bl	USBH_LL_SetTimer
 499              	.LVL38:
 223:USB_HOST/Target/usbh_conf.c **** }
 500              		.loc 1 223 3 is_stmt 1 view .LVU115
 501              		.loc 1 224 1 is_stmt 0 view .LVU116
 502 0046 0020     		movs	r0, #0
 503 0048 10BD     		pop	{r4, pc}
 504              	.LVL39:
 505              	.L33:
 218:USB_HOST/Target/usbh_conf.c ****   }
 506              		.loc 1 218 5 is_stmt 1 view .LVU117
 507 004a FFF7FEFF 		bl	Error_Handler
 508              	.LVL40:
 509 004e F3E7     		b	.L27
 510              	.L35:
 511              		.align	2
 512              	.L34:
 513 0050 00000000 		.word	hhcd_USB_OTG_FS
 514              		.cfi_endproc
 515              	.LFE150:
 517              		.section	.text.USBH_LL_GetSpeed,"ax",%progbits
 518              		.align	1
 519              		.global	USBH_LL_GetSpeed
 520              		.syntax unified
 521              		.thumb
 522              		.thumb_func
 524              	USBH_LL_GetSpeed:
 525              	.LVL41:
 526              	.LFB154:
 225:USB_HOST/Target/usbh_conf.c **** 
 226:USB_HOST/Target/usbh_conf.c **** /**
 227:USB_HOST/Target/usbh_conf.c ****   * @brief  De-Initialize the low level portion of the host driver.
 228:USB_HOST/Target/usbh_conf.c ****   * @param  phost: Host handle
ARM GAS  C:\Users\sub\AppData\Local\Temp\ccwsvbmP.s 			page 15


 229:USB_HOST/Target/usbh_conf.c ****   * @retval USBH status
 230:USB_HOST/Target/usbh_conf.c ****   */
 231:USB_HOST/Target/usbh_conf.c **** USBH_StatusTypeDef USBH_LL_DeInit(USBH_HandleTypeDef *phost)
 232:USB_HOST/Target/usbh_conf.c **** {
 233:USB_HOST/Target/usbh_conf.c ****   HAL_StatusTypeDef hal_status = HAL_OK;
 234:USB_HOST/Target/usbh_conf.c ****   USBH_StatusTypeDef usb_status = USBH_OK;
 235:USB_HOST/Target/usbh_conf.c **** 
 236:USB_HOST/Target/usbh_conf.c ****   hal_status = HAL_HCD_DeInit(phost->pData);
 237:USB_HOST/Target/usbh_conf.c **** 
 238:USB_HOST/Target/usbh_conf.c ****   usb_status = USBH_Get_USB_Status(hal_status);
 239:USB_HOST/Target/usbh_conf.c **** 
 240:USB_HOST/Target/usbh_conf.c ****   return usb_status;
 241:USB_HOST/Target/usbh_conf.c **** }
 242:USB_HOST/Target/usbh_conf.c **** 
 243:USB_HOST/Target/usbh_conf.c **** /**
 244:USB_HOST/Target/usbh_conf.c ****   * @brief  Start the low level portion of the host driver.
 245:USB_HOST/Target/usbh_conf.c ****   * @param  phost: Host handle
 246:USB_HOST/Target/usbh_conf.c ****   * @retval USBH status
 247:USB_HOST/Target/usbh_conf.c ****   */
 248:USB_HOST/Target/usbh_conf.c **** USBH_StatusTypeDef USBH_LL_Start(USBH_HandleTypeDef *phost)
 249:USB_HOST/Target/usbh_conf.c **** {
 250:USB_HOST/Target/usbh_conf.c ****   HAL_StatusTypeDef hal_status = HAL_OK;
 251:USB_HOST/Target/usbh_conf.c ****   USBH_StatusTypeDef usb_status = USBH_OK;
 252:USB_HOST/Target/usbh_conf.c **** 
 253:USB_HOST/Target/usbh_conf.c ****   hal_status = HAL_HCD_Start(phost->pData);
 254:USB_HOST/Target/usbh_conf.c **** 
 255:USB_HOST/Target/usbh_conf.c ****   usb_status = USBH_Get_USB_Status(hal_status);
 256:USB_HOST/Target/usbh_conf.c **** 
 257:USB_HOST/Target/usbh_conf.c ****   return usb_status;
 258:USB_HOST/Target/usbh_conf.c **** }
 259:USB_HOST/Target/usbh_conf.c **** 
 260:USB_HOST/Target/usbh_conf.c **** /**
 261:USB_HOST/Target/usbh_conf.c ****   * @brief  Stop the low level portion of the host driver.
 262:USB_HOST/Target/usbh_conf.c ****   * @param  phost: Host handle
 263:USB_HOST/Target/usbh_conf.c ****   * @retval USBH status
 264:USB_HOST/Target/usbh_conf.c ****   */
 265:USB_HOST/Target/usbh_conf.c **** USBH_StatusTypeDef USBH_LL_Stop(USBH_HandleTypeDef *phost)
 266:USB_HOST/Target/usbh_conf.c **** {
 267:USB_HOST/Target/usbh_conf.c ****   HAL_StatusTypeDef hal_status = HAL_OK;
 268:USB_HOST/Target/usbh_conf.c ****   USBH_StatusTypeDef usb_status = USBH_OK;
 269:USB_HOST/Target/usbh_conf.c **** 
 270:USB_HOST/Target/usbh_conf.c ****   hal_status = HAL_HCD_Stop(phost->pData);
 271:USB_HOST/Target/usbh_conf.c **** 
 272:USB_HOST/Target/usbh_conf.c ****   usb_status = USBH_Get_USB_Status(hal_status);
 273:USB_HOST/Target/usbh_conf.c **** 
 274:USB_HOST/Target/usbh_conf.c ****   return usb_status;
 275:USB_HOST/Target/usbh_conf.c **** }
 276:USB_HOST/Target/usbh_conf.c **** 
 277:USB_HOST/Target/usbh_conf.c **** /**
 278:USB_HOST/Target/usbh_conf.c ****   * @brief  Return the USB host speed from the low level driver.
 279:USB_HOST/Target/usbh_conf.c ****   * @param  phost: Host handle
 280:USB_HOST/Target/usbh_conf.c ****   * @retval USBH speeds
 281:USB_HOST/Target/usbh_conf.c ****   */
 282:USB_HOST/Target/usbh_conf.c **** USBH_SpeedTypeDef USBH_LL_GetSpeed(USBH_HandleTypeDef *phost)
 283:USB_HOST/Target/usbh_conf.c **** {
 527              		.loc 1 283 1 view -0
 528              		.cfi_startproc
ARM GAS  C:\Users\sub\AppData\Local\Temp\ccwsvbmP.s 			page 16


 529              		@ args = 0, pretend = 0, frame = 0
 530              		@ frame_needed = 0, uses_anonymous_args = 0
 531              		.loc 1 283 1 is_stmt 0 view .LVU119
 532 0000 08B5     		push	{r3, lr}
 533              	.LCFI12:
 534              		.cfi_def_cfa_offset 8
 535              		.cfi_offset 3, -8
 536              		.cfi_offset 14, -4
 284:USB_HOST/Target/usbh_conf.c ****   USBH_SpeedTypeDef speed = USBH_SPEED_FULL;
 537              		.loc 1 284 3 is_stmt 1 view .LVU120
 538              	.LVL42:
 285:USB_HOST/Target/usbh_conf.c **** 
 286:USB_HOST/Target/usbh_conf.c ****   switch (HAL_HCD_GetCurrentSpeed(phost->pData))
 539              		.loc 1 286 3 view .LVU121
 540              		.loc 1 286 11 is_stmt 0 view .LVU122
 541 0002 D0F8D003 		ldr	r0, [r0, #976]
 542              	.LVL43:
 543              		.loc 1 286 11 view .LVU123
 544 0006 FFF7FEFF 		bl	HAL_HCD_GetCurrentSpeed
 545              	.LVL44:
 546              		.loc 1 286 3 discriminator 1 view .LVU124
 547 000a 0128     		cmp	r0, #1
 548 000c 04D0     		beq	.L38
 549 000e 0228     		cmp	r0, #2
 550 0010 04D0     		beq	.L39
 551 0012 20B1     		cbz	r0, .L37
 287:USB_HOST/Target/usbh_conf.c ****   {
 288:USB_HOST/Target/usbh_conf.c ****   case 0 :
 289:USB_HOST/Target/usbh_conf.c ****     speed = USBH_SPEED_HIGH;
 290:USB_HOST/Target/usbh_conf.c ****     break;
 291:USB_HOST/Target/usbh_conf.c **** 
 292:USB_HOST/Target/usbh_conf.c ****   case 1 :
 293:USB_HOST/Target/usbh_conf.c ****     speed = USBH_SPEED_FULL;
 294:USB_HOST/Target/usbh_conf.c ****     break;
 295:USB_HOST/Target/usbh_conf.c **** 
 296:USB_HOST/Target/usbh_conf.c ****   case 2 :
 297:USB_HOST/Target/usbh_conf.c ****     speed = USBH_SPEED_LOW;
 298:USB_HOST/Target/usbh_conf.c ****     break;
 299:USB_HOST/Target/usbh_conf.c **** 
 300:USB_HOST/Target/usbh_conf.c ****   default:
 301:USB_HOST/Target/usbh_conf.c ****    speed = USBH_SPEED_FULL;
 552              		.loc 1 301 10 view .LVU125
 553 0014 0120     		movs	r0, #1
 554 0016 02E0     		b	.L37
 555              	.L38:
 293:USB_HOST/Target/usbh_conf.c ****     break;
 556              		.loc 1 293 11 view .LVU126
 557 0018 0120     		movs	r0, #1
 558 001a 00E0     		b	.L37
 559              	.L39:
 297:USB_HOST/Target/usbh_conf.c ****     break;
 560              		.loc 1 297 11 view .LVU127
 561 001c 0220     		movs	r0, #2
 562              	.L37:
 563              	.LVL45:
 302:USB_HOST/Target/usbh_conf.c ****     break;
 303:USB_HOST/Target/usbh_conf.c ****   }
ARM GAS  C:\Users\sub\AppData\Local\Temp\ccwsvbmP.s 			page 17


 304:USB_HOST/Target/usbh_conf.c ****   return  speed;
 564              		.loc 1 304 3 is_stmt 1 view .LVU128
 305:USB_HOST/Target/usbh_conf.c **** }
 565              		.loc 1 305 1 is_stmt 0 view .LVU129
 566 001e 08BD     		pop	{r3, pc}
 567              		.cfi_endproc
 568              	.LFE154:
 570              		.section	.text.USBH_LL_GetLastXferSize,"ax",%progbits
 571              		.align	1
 572              		.global	USBH_LL_GetLastXferSize
 573              		.syntax unified
 574              		.thumb
 575              		.thumb_func
 577              	USBH_LL_GetLastXferSize:
 578              	.LVL46:
 579              	.LFB156:
 306:USB_HOST/Target/usbh_conf.c **** 
 307:USB_HOST/Target/usbh_conf.c **** /**
 308:USB_HOST/Target/usbh_conf.c ****   * @brief  Reset the Host port of the low level driver.
 309:USB_HOST/Target/usbh_conf.c ****   * @param  phost: Host handle
 310:USB_HOST/Target/usbh_conf.c ****   * @retval USBH status
 311:USB_HOST/Target/usbh_conf.c ****   */
 312:USB_HOST/Target/usbh_conf.c **** USBH_StatusTypeDef USBH_LL_ResetPort(USBH_HandleTypeDef *phost)
 313:USB_HOST/Target/usbh_conf.c **** {
 314:USB_HOST/Target/usbh_conf.c ****   HAL_StatusTypeDef hal_status = HAL_OK;
 315:USB_HOST/Target/usbh_conf.c ****   USBH_StatusTypeDef usb_status = USBH_OK;
 316:USB_HOST/Target/usbh_conf.c **** 
 317:USB_HOST/Target/usbh_conf.c ****   hal_status = HAL_HCD_ResetPort(phost->pData);
 318:USB_HOST/Target/usbh_conf.c **** 
 319:USB_HOST/Target/usbh_conf.c ****   usb_status = USBH_Get_USB_Status(hal_status);
 320:USB_HOST/Target/usbh_conf.c **** 
 321:USB_HOST/Target/usbh_conf.c ****   return usb_status;
 322:USB_HOST/Target/usbh_conf.c **** }
 323:USB_HOST/Target/usbh_conf.c **** 
 324:USB_HOST/Target/usbh_conf.c **** /**
 325:USB_HOST/Target/usbh_conf.c ****   * @brief  Return the last transferred packet size.
 326:USB_HOST/Target/usbh_conf.c ****   * @param  phost: Host handle
 327:USB_HOST/Target/usbh_conf.c ****   * @param  pipe: Pipe index
 328:USB_HOST/Target/usbh_conf.c ****   * @retval Packet size
 329:USB_HOST/Target/usbh_conf.c ****   */
 330:USB_HOST/Target/usbh_conf.c **** uint32_t USBH_LL_GetLastXferSize(USBH_HandleTypeDef *phost, uint8_t pipe)
 331:USB_HOST/Target/usbh_conf.c **** {
 580              		.loc 1 331 1 is_stmt 1 view -0
 581              		.cfi_startproc
 582              		@ args = 0, pretend = 0, frame = 0
 583              		@ frame_needed = 0, uses_anonymous_args = 0
 584              		.loc 1 331 1 is_stmt 0 view .LVU131
 585 0000 08B5     		push	{r3, lr}
 586              	.LCFI13:
 587              		.cfi_def_cfa_offset 8
 588              		.cfi_offset 3, -8
 589              		.cfi_offset 14, -4
 332:USB_HOST/Target/usbh_conf.c ****   return HAL_HCD_HC_GetXferCount(phost->pData, pipe);
 590              		.loc 1 332 3 is_stmt 1 view .LVU132
 591              		.loc 1 332 10 is_stmt 0 view .LVU133
 592 0002 D0F8D003 		ldr	r0, [r0, #976]
 593              	.LVL47:
ARM GAS  C:\Users\sub\AppData\Local\Temp\ccwsvbmP.s 			page 18


 594              		.loc 1 332 10 view .LVU134
 595 0006 FFF7FEFF 		bl	HAL_HCD_HC_GetXferCount
 596              	.LVL48:
 333:USB_HOST/Target/usbh_conf.c **** }
 597              		.loc 1 333 1 view .LVU135
 598 000a 08BD     		pop	{r3, pc}
 599              		.cfi_endproc
 600              	.LFE156:
 602              		.section	.text.USBH_LL_ClosePipe,"ax",%progbits
 603              		.align	1
 604              		.global	USBH_LL_ClosePipe
 605              		.syntax unified
 606              		.thumb
 607              		.thumb_func
 609              	USBH_LL_ClosePipe:
 610              	.LVL49:
 611              	.LFB158:
 334:USB_HOST/Target/usbh_conf.c **** 
 335:USB_HOST/Target/usbh_conf.c **** /**
 336:USB_HOST/Target/usbh_conf.c ****   * @brief  Open a pipe of the low level driver.
 337:USB_HOST/Target/usbh_conf.c ****   * @param  phost: Host handle
 338:USB_HOST/Target/usbh_conf.c ****   * @param  pipe: Pipe index
 339:USB_HOST/Target/usbh_conf.c ****   * @param  epnum: Endpoint number
 340:USB_HOST/Target/usbh_conf.c ****   * @param  dev_address: Device USB address
 341:USB_HOST/Target/usbh_conf.c ****   * @param  speed: Device Speed
 342:USB_HOST/Target/usbh_conf.c ****   * @param  ep_type: Endpoint type
 343:USB_HOST/Target/usbh_conf.c ****   * @param  mps: Endpoint max packet size
 344:USB_HOST/Target/usbh_conf.c ****   * @retval USBH status
 345:USB_HOST/Target/usbh_conf.c ****   */
 346:USB_HOST/Target/usbh_conf.c **** USBH_StatusTypeDef USBH_LL_OpenPipe(USBH_HandleTypeDef *phost,
 347:USB_HOST/Target/usbh_conf.c ****                                     uint8_t pipe,
 348:USB_HOST/Target/usbh_conf.c ****                                     uint8_t epnum,
 349:USB_HOST/Target/usbh_conf.c ****                                     uint8_t dev_address,
 350:USB_HOST/Target/usbh_conf.c ****                                     uint8_t speed,
 351:USB_HOST/Target/usbh_conf.c ****                                     uint8_t ep_type,
 352:USB_HOST/Target/usbh_conf.c ****                                     uint16_t mps)
 353:USB_HOST/Target/usbh_conf.c **** {
 354:USB_HOST/Target/usbh_conf.c ****   HAL_StatusTypeDef hal_status = HAL_OK;
 355:USB_HOST/Target/usbh_conf.c ****   USBH_StatusTypeDef usb_status = USBH_OK;
 356:USB_HOST/Target/usbh_conf.c **** 
 357:USB_HOST/Target/usbh_conf.c ****   hal_status = HAL_HCD_HC_Init(phost->pData, pipe, epnum,
 358:USB_HOST/Target/usbh_conf.c ****                                dev_address, speed, ep_type, mps);
 359:USB_HOST/Target/usbh_conf.c **** 
 360:USB_HOST/Target/usbh_conf.c ****   usb_status = USBH_Get_USB_Status(hal_status);
 361:USB_HOST/Target/usbh_conf.c **** 
 362:USB_HOST/Target/usbh_conf.c ****   return usb_status;
 363:USB_HOST/Target/usbh_conf.c **** }
 364:USB_HOST/Target/usbh_conf.c **** 
 365:USB_HOST/Target/usbh_conf.c **** /**
 366:USB_HOST/Target/usbh_conf.c ****   * @brief  Close a pipe of the low level driver.
 367:USB_HOST/Target/usbh_conf.c ****   * @param  phost: Host handle
 368:USB_HOST/Target/usbh_conf.c ****   * @param  pipe: Pipe index
 369:USB_HOST/Target/usbh_conf.c ****   * @retval USBH status
 370:USB_HOST/Target/usbh_conf.c ****   */
 371:USB_HOST/Target/usbh_conf.c **** USBH_StatusTypeDef USBH_LL_ClosePipe(USBH_HandleTypeDef *phost, uint8_t pipe)
 372:USB_HOST/Target/usbh_conf.c **** {
 612              		.loc 1 372 1 is_stmt 1 view -0
ARM GAS  C:\Users\sub\AppData\Local\Temp\ccwsvbmP.s 			page 19


 613              		.cfi_startproc
 614              		@ args = 0, pretend = 0, frame = 0
 615              		@ frame_needed = 0, uses_anonymous_args = 0
 616              		@ link register save eliminated.
 373:USB_HOST/Target/usbh_conf.c ****   /* Prevent unused argument(s) compilation warning */
 374:USB_HOST/Target/usbh_conf.c ****   UNUSED(phost);
 617              		.loc 1 374 3 view .LVU137
 375:USB_HOST/Target/usbh_conf.c ****   UNUSED(pipe);
 618              		.loc 1 375 3 view .LVU138
 376:USB_HOST/Target/usbh_conf.c **** 
 377:USB_HOST/Target/usbh_conf.c ****   return USBH_OK;
 619              		.loc 1 377 3 view .LVU139
 378:USB_HOST/Target/usbh_conf.c **** }
 620              		.loc 1 378 1 is_stmt 0 view .LVU140
 621 0000 0020     		movs	r0, #0
 622              	.LVL50:
 623              		.loc 1 378 1 view .LVU141
 624 0002 7047     		bx	lr
 625              		.cfi_endproc
 626              	.LFE158:
 628              		.section	.text.USBH_LL_ActivatePipe,"ax",%progbits
 629              		.align	1
 630              		.global	USBH_LL_ActivatePipe
 631              		.syntax unified
 632              		.thumb
 633              		.thumb_func
 635              	USBH_LL_ActivatePipe:
 636              	.LVL51:
 637              	.LFB159:
 379:USB_HOST/Target/usbh_conf.c **** 
 380:USB_HOST/Target/usbh_conf.c **** /**
 381:USB_HOST/Target/usbh_conf.c ****   * @brief  USBH_LL_ActivatePipe
 382:USB_HOST/Target/usbh_conf.c ****   *         Activate a pipe of the Low Level Driver.
 383:USB_HOST/Target/usbh_conf.c ****   * @param  phost: Host handle
 384:USB_HOST/Target/usbh_conf.c ****   * @param  pipe: Pipe index
 385:USB_HOST/Target/usbh_conf.c ****   * @retval USBH Status
 386:USB_HOST/Target/usbh_conf.c ****   */
 387:USB_HOST/Target/usbh_conf.c **** USBH_StatusTypeDef USBH_LL_ActivatePipe(USBH_HandleTypeDef *phost, uint8_t pipe)
 388:USB_HOST/Target/usbh_conf.c **** {
 638              		.loc 1 388 1 is_stmt 1 view -0
 639              		.cfi_startproc
 640              		@ args = 0, pretend = 0, frame = 0
 641              		@ frame_needed = 0, uses_anonymous_args = 0
 642              		@ link register save eliminated.
 389:USB_HOST/Target/usbh_conf.c ****   /* Prevent unused argument(s) compilation warning */
 390:USB_HOST/Target/usbh_conf.c ****   UNUSED(phost);
 643              		.loc 1 390 3 view .LVU143
 391:USB_HOST/Target/usbh_conf.c ****   UNUSED(pipe);
 644              		.loc 1 391 3 view .LVU144
 392:USB_HOST/Target/usbh_conf.c **** 
 393:USB_HOST/Target/usbh_conf.c ****   return USBH_OK;
 645              		.loc 1 393 3 view .LVU145
 394:USB_HOST/Target/usbh_conf.c **** }
 646              		.loc 1 394 1 is_stmt 0 view .LVU146
 647 0000 0020     		movs	r0, #0
 648              	.LVL52:
 649              		.loc 1 394 1 view .LVU147
ARM GAS  C:\Users\sub\AppData\Local\Temp\ccwsvbmP.s 			page 20


 650 0002 7047     		bx	lr
 651              		.cfi_endproc
 652              	.LFE159:
 654              		.section	.text.USBH_LL_GetURBState,"ax",%progbits
 655              		.align	1
 656              		.global	USBH_LL_GetURBState
 657              		.syntax unified
 658              		.thumb
 659              		.thumb_func
 661              	USBH_LL_GetURBState:
 662              	.LVL53:
 663              	.LFB161:
 395:USB_HOST/Target/usbh_conf.c **** 
 396:USB_HOST/Target/usbh_conf.c **** /**
 397:USB_HOST/Target/usbh_conf.c ****   * @brief  Submit a new URB to the low level driver.
 398:USB_HOST/Target/usbh_conf.c ****   * @param  phost: Host handle
 399:USB_HOST/Target/usbh_conf.c ****   * @param  pipe: Pipe index
 400:USB_HOST/Target/usbh_conf.c ****   *         This parameter can be a value from 1 to 15
 401:USB_HOST/Target/usbh_conf.c ****   * @param  direction : Channel number
 402:USB_HOST/Target/usbh_conf.c ****   *          This parameter can be one of the these values:
 403:USB_HOST/Target/usbh_conf.c ****   *           0 : Output
 404:USB_HOST/Target/usbh_conf.c ****   *           1 : Input
 405:USB_HOST/Target/usbh_conf.c ****   * @param  ep_type : Endpoint Type
 406:USB_HOST/Target/usbh_conf.c ****   *          This parameter can be one of the these values:
 407:USB_HOST/Target/usbh_conf.c ****   *            @arg EP_TYPE_CTRL: Control type
 408:USB_HOST/Target/usbh_conf.c ****   *            @arg EP_TYPE_ISOC: Isochrounous type
 409:USB_HOST/Target/usbh_conf.c ****   *            @arg EP_TYPE_BULK: Bulk type
 410:USB_HOST/Target/usbh_conf.c ****   *            @arg EP_TYPE_INTR: Interrupt type
 411:USB_HOST/Target/usbh_conf.c ****   * @param  token : Endpoint Type
 412:USB_HOST/Target/usbh_conf.c ****   *          This parameter can be one of the these values:
 413:USB_HOST/Target/usbh_conf.c ****   *            @arg 0: PID_SETUP
 414:USB_HOST/Target/usbh_conf.c ****   *            @arg 1: PID_DATA
 415:USB_HOST/Target/usbh_conf.c ****   * @param  pbuff : pointer to URB data
 416:USB_HOST/Target/usbh_conf.c ****   * @param  length : Length of URB data
 417:USB_HOST/Target/usbh_conf.c ****   * @param  do_ping : activate do ping protocol (for high speed only)
 418:USB_HOST/Target/usbh_conf.c ****   *          This parameter can be one of the these values:
 419:USB_HOST/Target/usbh_conf.c ****   *           0 : do ping inactive
 420:USB_HOST/Target/usbh_conf.c ****   *           1 : do ping active
 421:USB_HOST/Target/usbh_conf.c ****   * @retval Status
 422:USB_HOST/Target/usbh_conf.c ****   */
 423:USB_HOST/Target/usbh_conf.c **** USBH_StatusTypeDef USBH_LL_SubmitURB(USBH_HandleTypeDef *phost, uint8_t pipe, uint8_t direction,
 424:USB_HOST/Target/usbh_conf.c ****                                      uint8_t ep_type, uint8_t token, uint8_t *pbuff, uint16_t lengt
 425:USB_HOST/Target/usbh_conf.c ****                                      uint8_t do_ping)
 426:USB_HOST/Target/usbh_conf.c **** {
 427:USB_HOST/Target/usbh_conf.c ****   HAL_StatusTypeDef hal_status = HAL_OK;
 428:USB_HOST/Target/usbh_conf.c ****   USBH_StatusTypeDef usb_status = USBH_OK;
 429:USB_HOST/Target/usbh_conf.c **** 
 430:USB_HOST/Target/usbh_conf.c ****   hal_status = HAL_HCD_HC_SubmitRequest(phost->pData, pipe, direction ,
 431:USB_HOST/Target/usbh_conf.c ****                                         ep_type, token, pbuff, length,
 432:USB_HOST/Target/usbh_conf.c ****                                         do_ping);
 433:USB_HOST/Target/usbh_conf.c ****   usb_status =  USBH_Get_USB_Status(hal_status);
 434:USB_HOST/Target/usbh_conf.c **** 
 435:USB_HOST/Target/usbh_conf.c ****   return usb_status;
 436:USB_HOST/Target/usbh_conf.c **** }
 437:USB_HOST/Target/usbh_conf.c **** 
 438:USB_HOST/Target/usbh_conf.c **** /**
 439:USB_HOST/Target/usbh_conf.c ****   * @brief  Get a URB state from the low level driver.
ARM GAS  C:\Users\sub\AppData\Local\Temp\ccwsvbmP.s 			page 21


 440:USB_HOST/Target/usbh_conf.c ****   * @param  phost: Host handle
 441:USB_HOST/Target/usbh_conf.c ****   * @param  pipe: Pipe index
 442:USB_HOST/Target/usbh_conf.c ****   *         This parameter can be a value from 1 to 15
 443:USB_HOST/Target/usbh_conf.c ****   * @retval URB state
 444:USB_HOST/Target/usbh_conf.c ****   *          This parameter can be one of the these values:
 445:USB_HOST/Target/usbh_conf.c ****   *            @arg URB_IDLE
 446:USB_HOST/Target/usbh_conf.c ****   *            @arg URB_DONE
 447:USB_HOST/Target/usbh_conf.c ****   *            @arg URB_NOTREADY
 448:USB_HOST/Target/usbh_conf.c ****   *            @arg URB_NYET
 449:USB_HOST/Target/usbh_conf.c ****   *            @arg URB_ERROR
 450:USB_HOST/Target/usbh_conf.c ****   *            @arg URB_STALL
 451:USB_HOST/Target/usbh_conf.c ****   */
 452:USB_HOST/Target/usbh_conf.c **** USBH_URBStateTypeDef USBH_LL_GetURBState(USBH_HandleTypeDef *phost, uint8_t pipe)
 453:USB_HOST/Target/usbh_conf.c **** {
 664              		.loc 1 453 1 is_stmt 1 view -0
 665              		.cfi_startproc
 666              		@ args = 0, pretend = 0, frame = 0
 667              		@ frame_needed = 0, uses_anonymous_args = 0
 668              		.loc 1 453 1 is_stmt 0 view .LVU149
 669 0000 08B5     		push	{r3, lr}
 670              	.LCFI14:
 671              		.cfi_def_cfa_offset 8
 672              		.cfi_offset 3, -8
 673              		.cfi_offset 14, -4
 454:USB_HOST/Target/usbh_conf.c ****   return (USBH_URBStateTypeDef)HAL_HCD_HC_GetURBState (phost->pData, pipe);
 674              		.loc 1 454 3 is_stmt 1 view .LVU150
 675              		.loc 1 454 32 is_stmt 0 view .LVU151
 676 0002 D0F8D003 		ldr	r0, [r0, #976]
 677              	.LVL54:
 678              		.loc 1 454 32 view .LVU152
 679 0006 FFF7FEFF 		bl	HAL_HCD_HC_GetURBState
 680              	.LVL55:
 455:USB_HOST/Target/usbh_conf.c **** }
 681              		.loc 1 455 1 view .LVU153
 682 000a 08BD     		pop	{r3, pc}
 683              		.cfi_endproc
 684              	.LFE161:
 686              		.section	.text.USBH_LL_DriverVBUS,"ax",%progbits
 687              		.align	1
 688              		.global	USBH_LL_DriverVBUS
 689              		.syntax unified
 690              		.thumb
 691              		.thumb_func
 693              	USBH_LL_DriverVBUS:
 694              	.LVL56:
 695              	.LFB162:
 456:USB_HOST/Target/usbh_conf.c **** 
 457:USB_HOST/Target/usbh_conf.c **** /**
 458:USB_HOST/Target/usbh_conf.c ****   * @brief  Drive VBUS.
 459:USB_HOST/Target/usbh_conf.c ****   * @param  phost: Host handle
 460:USB_HOST/Target/usbh_conf.c ****   * @param  state : VBUS state
 461:USB_HOST/Target/usbh_conf.c ****   *          This parameter can be one of the these values:
 462:USB_HOST/Target/usbh_conf.c ****   *           0 : VBUS Inactive
 463:USB_HOST/Target/usbh_conf.c ****   *           1 : VBUS Active
 464:USB_HOST/Target/usbh_conf.c ****   * @retval Status
 465:USB_HOST/Target/usbh_conf.c ****   */
 466:USB_HOST/Target/usbh_conf.c **** USBH_StatusTypeDef USBH_LL_DriverVBUS(USBH_HandleTypeDef *phost, uint8_t state)
ARM GAS  C:\Users\sub\AppData\Local\Temp\ccwsvbmP.s 			page 22


 467:USB_HOST/Target/usbh_conf.c **** {
 696              		.loc 1 467 1 is_stmt 1 view -0
 697              		.cfi_startproc
 698              		@ args = 0, pretend = 0, frame = 0
 699              		@ frame_needed = 0, uses_anonymous_args = 0
 700              		.loc 1 467 1 is_stmt 0 view .LVU155
 701 0000 08B5     		push	{r3, lr}
 702              	.LCFI15:
 703              		.cfi_def_cfa_offset 8
 704              		.cfi_offset 3, -8
 705              		.cfi_offset 14, -4
 468:USB_HOST/Target/usbh_conf.c ****   if (phost->id == HOST_FS) {
 706              		.loc 1 468 3 is_stmt 1 view .LVU156
 707              		.loc 1 468 12 is_stmt 0 view .LVU157
 708 0002 90F8CC33 		ldrb	r3, [r0, #972]	@ zero_extendqisi2
 709              		.loc 1 468 6 view .LVU158
 710 0006 012B     		cmp	r3, #1
 711 0008 04D0     		beq	.L51
 712              	.LVL57:
 713              	.L49:
 469:USB_HOST/Target/usbh_conf.c ****     MX_DriverVbusFS(state);
 470:USB_HOST/Target/usbh_conf.c ****   }
 471:USB_HOST/Target/usbh_conf.c **** 
 472:USB_HOST/Target/usbh_conf.c ****   /* USER CODE BEGIN 0 */
 473:USB_HOST/Target/usbh_conf.c **** 
 474:USB_HOST/Target/usbh_conf.c ****   /* USER CODE END 0*/
 475:USB_HOST/Target/usbh_conf.c **** 
 476:USB_HOST/Target/usbh_conf.c ****   HAL_Delay(200);
 714              		.loc 1 476 3 is_stmt 1 view .LVU159
 715 000a C820     		movs	r0, #200
 716 000c FFF7FEFF 		bl	HAL_Delay
 717              	.LVL58:
 477:USB_HOST/Target/usbh_conf.c ****   return USBH_OK;
 718              		.loc 1 477 3 view .LVU160
 478:USB_HOST/Target/usbh_conf.c **** }
 719              		.loc 1 478 1 is_stmt 0 view .LVU161
 720 0010 0020     		movs	r0, #0
 721 0012 08BD     		pop	{r3, pc}
 722              	.LVL59:
 723              	.L51:
 469:USB_HOST/Target/usbh_conf.c ****     MX_DriverVbusFS(state);
 724              		.loc 1 469 5 is_stmt 1 view .LVU162
 725 0014 0846     		mov	r0, r1
 726              	.LVL60:
 469:USB_HOST/Target/usbh_conf.c ****     MX_DriverVbusFS(state);
 727              		.loc 1 469 5 is_stmt 0 view .LVU163
 728 0016 FFF7FEFF 		bl	MX_DriverVbusFS
 729              	.LVL61:
 469:USB_HOST/Target/usbh_conf.c ****     MX_DriverVbusFS(state);
 730              		.loc 1 469 5 view .LVU164
 731 001a F6E7     		b	.L49
 732              		.cfi_endproc
 733              	.LFE162:
 735              		.section	.text.USBH_LL_SetToggle,"ax",%progbits
 736              		.align	1
 737              		.global	USBH_LL_SetToggle
 738              		.syntax unified
ARM GAS  C:\Users\sub\AppData\Local\Temp\ccwsvbmP.s 			page 23


 739              		.thumb
 740              		.thumb_func
 742              	USBH_LL_SetToggle:
 743              	.LVL62:
 744              	.LFB163:
 479:USB_HOST/Target/usbh_conf.c **** 
 480:USB_HOST/Target/usbh_conf.c **** /**
 481:USB_HOST/Target/usbh_conf.c ****   * @brief  Set toggle for a pipe.
 482:USB_HOST/Target/usbh_conf.c ****   * @param  phost: Host handle
 483:USB_HOST/Target/usbh_conf.c ****   * @param  pipe: Pipe index
 484:USB_HOST/Target/usbh_conf.c ****   * @param  toggle: toggle (0/1)
 485:USB_HOST/Target/usbh_conf.c ****   * @retval Status
 486:USB_HOST/Target/usbh_conf.c ****   */
 487:USB_HOST/Target/usbh_conf.c **** USBH_StatusTypeDef USBH_LL_SetToggle(USBH_HandleTypeDef *phost, uint8_t pipe, uint8_t toggle)
 488:USB_HOST/Target/usbh_conf.c **** {
 745              		.loc 1 488 1 is_stmt 1 view -0
 746              		.cfi_startproc
 747              		@ args = 0, pretend = 0, frame = 0
 748              		@ frame_needed = 0, uses_anonymous_args = 0
 749              		@ link register save eliminated.
 489:USB_HOST/Target/usbh_conf.c ****   HCD_HandleTypeDef *pHandle;
 750              		.loc 1 489 3 view .LVU166
 490:USB_HOST/Target/usbh_conf.c ****   pHandle = phost->pData;
 751              		.loc 1 490 3 view .LVU167
 752              		.loc 1 490 11 is_stmt 0 view .LVU168
 753 0000 D0F8D033 		ldr	r3, [r0, #976]
 754              	.LVL63:
 491:USB_HOST/Target/usbh_conf.c **** 
 492:USB_HOST/Target/usbh_conf.c ****   if(pHandle->hc[pipe].ep_is_in)
 755              		.loc 1 492 3 is_stmt 1 view .LVU169
 756              		.loc 1 492 23 is_stmt 0 view .LVU170
 757 0004 C1EB0110 		rsb	r0, r1, r1, lsl #4
 758              	.LVL64:
 759              		.loc 1 492 23 view .LVU171
 760 0008 03EB8000 		add	r0, r3, r0, lsl #2
 761 000c C07D     		ldrb	r0, [r0, #23]	@ zero_extendqisi2
 762              		.loc 1 492 5 view .LVU172
 763 000e 38B1     		cbz	r0, .L53
 493:USB_HOST/Target/usbh_conf.c ****   {
 494:USB_HOST/Target/usbh_conf.c ****     pHandle->hc[pipe].toggle_in = toggle;
 764              		.loc 1 494 5 is_stmt 1 view .LVU173
 765              		.loc 1 494 33 is_stmt 0 view .LVU174
 766 0010 C1EB0111 		rsb	r1, r1, r1, lsl #4
 767              	.LVL65:
 768              		.loc 1 494 33 view .LVU175
 769 0014 03EB8103 		add	r3, r3, r1, lsl #2
 770              	.LVL66:
 771              		.loc 1 494 33 view .LVU176
 772 0018 83F83C20 		strb	r2, [r3, #60]
 773              	.LVL67:
 774              	.L54:
 495:USB_HOST/Target/usbh_conf.c ****   }
 496:USB_HOST/Target/usbh_conf.c ****   else
 497:USB_HOST/Target/usbh_conf.c ****   {
 498:USB_HOST/Target/usbh_conf.c ****     pHandle->hc[pipe].toggle_out = toggle;
 499:USB_HOST/Target/usbh_conf.c ****   }
 500:USB_HOST/Target/usbh_conf.c **** 
ARM GAS  C:\Users\sub\AppData\Local\Temp\ccwsvbmP.s 			page 24


 501:USB_HOST/Target/usbh_conf.c ****   return USBH_OK;
 775              		.loc 1 501 3 is_stmt 1 view .LVU177
 502:USB_HOST/Target/usbh_conf.c **** }
 776              		.loc 1 502 1 is_stmt 0 view .LVU178
 777 001c 0020     		movs	r0, #0
 778 001e 7047     		bx	lr
 779              	.LVL68:
 780              	.L53:
 498:USB_HOST/Target/usbh_conf.c ****   }
 781              		.loc 1 498 5 is_stmt 1 view .LVU179
 498:USB_HOST/Target/usbh_conf.c ****   }
 782              		.loc 1 498 34 is_stmt 0 view .LVU180
 783 0020 C1EB0111 		rsb	r1, r1, r1, lsl #4
 784              	.LVL69:
 498:USB_HOST/Target/usbh_conf.c ****   }
 785              		.loc 1 498 34 view .LVU181
 786 0024 03EB8103 		add	r3, r3, r1, lsl #2
 787              	.LVL70:
 498:USB_HOST/Target/usbh_conf.c ****   }
 788              		.loc 1 498 34 view .LVU182
 789 0028 83F83D20 		strb	r2, [r3, #61]
 790              	.LVL71:
 498:USB_HOST/Target/usbh_conf.c ****   }
 791              		.loc 1 498 34 view .LVU183
 792 002c F6E7     		b	.L54
 793              		.cfi_endproc
 794              	.LFE163:
 796              		.section	.text.USBH_LL_GetToggle,"ax",%progbits
 797              		.align	1
 798              		.global	USBH_LL_GetToggle
 799              		.syntax unified
 800              		.thumb
 801              		.thumb_func
 803              	USBH_LL_GetToggle:
 804              	.LVL72:
 805              	.LFB164:
 503:USB_HOST/Target/usbh_conf.c **** 
 504:USB_HOST/Target/usbh_conf.c **** /**
 505:USB_HOST/Target/usbh_conf.c ****   * @brief  Return the current toggle of a pipe.
 506:USB_HOST/Target/usbh_conf.c ****   * @param  phost: Host handle
 507:USB_HOST/Target/usbh_conf.c ****   * @param  pipe: Pipe index
 508:USB_HOST/Target/usbh_conf.c ****   * @retval toggle (0/1)
 509:USB_HOST/Target/usbh_conf.c ****   */
 510:USB_HOST/Target/usbh_conf.c **** uint8_t USBH_LL_GetToggle(USBH_HandleTypeDef *phost, uint8_t pipe)
 511:USB_HOST/Target/usbh_conf.c **** {
 806              		.loc 1 511 1 is_stmt 1 view -0
 807              		.cfi_startproc
 808              		@ args = 0, pretend = 0, frame = 0
 809              		@ frame_needed = 0, uses_anonymous_args = 0
 810              		@ link register save eliminated.
 512:USB_HOST/Target/usbh_conf.c ****   uint8_t toggle = 0;
 811              		.loc 1 512 3 view .LVU185
 513:USB_HOST/Target/usbh_conf.c ****   HCD_HandleTypeDef *pHandle;
 812              		.loc 1 513 3 view .LVU186
 514:USB_HOST/Target/usbh_conf.c ****   pHandle = phost->pData;
 813              		.loc 1 514 3 view .LVU187
 814              		.loc 1 514 11 is_stmt 0 view .LVU188
ARM GAS  C:\Users\sub\AppData\Local\Temp\ccwsvbmP.s 			page 25


 815 0000 D0F8D033 		ldr	r3, [r0, #976]
 816              	.LVL73:
 515:USB_HOST/Target/usbh_conf.c **** 
 516:USB_HOST/Target/usbh_conf.c ****   if(pHandle->hc[pipe].ep_is_in)
 817              		.loc 1 516 3 is_stmt 1 view .LVU189
 818              		.loc 1 516 23 is_stmt 0 view .LVU190
 819 0004 C1EB0112 		rsb	r2, r1, r1, lsl #4
 820 0008 03EB8202 		add	r2, r3, r2, lsl #2
 821 000c D27D     		ldrb	r2, [r2, #23]	@ zero_extendqisi2
 822              		.loc 1 516 5 view .LVU191
 823 000e 32B1     		cbz	r2, .L56
 517:USB_HOST/Target/usbh_conf.c ****   {
 518:USB_HOST/Target/usbh_conf.c ****     toggle = pHandle->hc[pipe].toggle_in;
 824              		.loc 1 518 5 is_stmt 1 view .LVU192
 825              		.loc 1 518 12 is_stmt 0 view .LVU193
 826 0010 C1EB0111 		rsb	r1, r1, r1, lsl #4
 827              	.LVL74:
 828              		.loc 1 518 12 view .LVU194
 829 0014 03EB8103 		add	r3, r3, r1, lsl #2
 830              	.LVL75:
 831              		.loc 1 518 12 view .LVU195
 832 0018 93F83C00 		ldrb	r0, [r3, #60]	@ zero_extendqisi2
 833              	.LVL76:
 834              		.loc 1 518 12 view .LVU196
 835 001c 7047     		bx	lr
 836              	.LVL77:
 837              	.L56:
 519:USB_HOST/Target/usbh_conf.c ****   }
 520:USB_HOST/Target/usbh_conf.c ****   else
 521:USB_HOST/Target/usbh_conf.c ****   {
 522:USB_HOST/Target/usbh_conf.c ****     toggle = pHandle->hc[pipe].toggle_out;
 838              		.loc 1 522 5 is_stmt 1 view .LVU197
 839              		.loc 1 522 12 is_stmt 0 view .LVU198
 840 001e C1EB0111 		rsb	r1, r1, r1, lsl #4
 841              	.LVL78:
 842              		.loc 1 522 12 view .LVU199
 843 0022 03EB8103 		add	r3, r3, r1, lsl #2
 844              	.LVL79:
 845              		.loc 1 522 12 view .LVU200
 846 0026 93F83D00 		ldrb	r0, [r3, #61]	@ zero_extendqisi2
 847              	.LVL80:
 523:USB_HOST/Target/usbh_conf.c ****   }
 524:USB_HOST/Target/usbh_conf.c ****   return toggle;
 848              		.loc 1 524 3 is_stmt 1 view .LVU201
 525:USB_HOST/Target/usbh_conf.c **** }
 849              		.loc 1 525 1 is_stmt 0 view .LVU202
 850 002a 7047     		bx	lr
 851              		.cfi_endproc
 852              	.LFE164:
 854              		.section	.text.USBH_Delay,"ax",%progbits
 855              		.align	1
 856              		.global	USBH_Delay
 857              		.syntax unified
 858              		.thumb
 859              		.thumb_func
 861              	USBH_Delay:
 862              	.LVL81:
ARM GAS  C:\Users\sub\AppData\Local\Temp\ccwsvbmP.s 			page 26


 863              	.LFB165:
 526:USB_HOST/Target/usbh_conf.c **** 
 527:USB_HOST/Target/usbh_conf.c **** /**
 528:USB_HOST/Target/usbh_conf.c ****   * @brief  Delay routine for the USB Host Library
 529:USB_HOST/Target/usbh_conf.c ****   * @param  Delay: Delay in ms
 530:USB_HOST/Target/usbh_conf.c ****   * @retval None
 531:USB_HOST/Target/usbh_conf.c ****   */
 532:USB_HOST/Target/usbh_conf.c **** void USBH_Delay(uint32_t Delay)
 533:USB_HOST/Target/usbh_conf.c **** {
 864              		.loc 1 533 1 is_stmt 1 view -0
 865              		.cfi_startproc
 866              		@ args = 0, pretend = 0, frame = 0
 867              		@ frame_needed = 0, uses_anonymous_args = 0
 868              		.loc 1 533 1 is_stmt 0 view .LVU204
 869 0000 08B5     		push	{r3, lr}
 870              	.LCFI16:
 871              		.cfi_def_cfa_offset 8
 872              		.cfi_offset 3, -8
 873              		.cfi_offset 14, -4
 534:USB_HOST/Target/usbh_conf.c ****   HAL_Delay(Delay);
 874              		.loc 1 534 3 is_stmt 1 view .LVU205
 875 0002 FFF7FEFF 		bl	HAL_Delay
 876              	.LVL82:
 535:USB_HOST/Target/usbh_conf.c **** }
 877              		.loc 1 535 1 is_stmt 0 view .LVU206
 878 0006 08BD     		pop	{r3, pc}
 879              		.cfi_endproc
 880              	.LFE165:
 882              		.section	.text.USBH_Get_USB_Status,"ax",%progbits
 883              		.align	1
 884              		.global	USBH_Get_USB_Status
 885              		.syntax unified
 886              		.thumb
 887              		.thumb_func
 889              	USBH_Get_USB_Status:
 890              	.LVL83:
 891              	.LFB166:
 536:USB_HOST/Target/usbh_conf.c **** 
 537:USB_HOST/Target/usbh_conf.c **** /**
 538:USB_HOST/Target/usbh_conf.c ****   * @brief  Returns the USB status depending on the HAL status:
 539:USB_HOST/Target/usbh_conf.c ****   * @param  hal_status: HAL status
 540:USB_HOST/Target/usbh_conf.c ****   * @retval USB status
 541:USB_HOST/Target/usbh_conf.c ****   */
 542:USB_HOST/Target/usbh_conf.c **** USBH_StatusTypeDef USBH_Get_USB_Status(HAL_StatusTypeDef hal_status)
 543:USB_HOST/Target/usbh_conf.c **** {
 892              		.loc 1 543 1 is_stmt 1 view -0
 893              		.cfi_startproc
 894              		@ args = 0, pretend = 0, frame = 0
 895              		@ frame_needed = 0, uses_anonymous_args = 0
 896              		@ link register save eliminated.
 544:USB_HOST/Target/usbh_conf.c ****   USBH_StatusTypeDef usb_status = USBH_OK;
 897              		.loc 1 544 3 view .LVU208
 545:USB_HOST/Target/usbh_conf.c **** 
 546:USB_HOST/Target/usbh_conf.c ****   switch (hal_status)
 898              		.loc 1 546 3 view .LVU209
 899 0000 0228     		cmp	r0, #2
 900 0002 05D8     		bhi	.L65
ARM GAS  C:\Users\sub\AppData\Local\Temp\ccwsvbmP.s 			page 27


 901 0004 DFE800F0 		tbb	[pc, r0]
 902              	.L63:
 903 0008 05       		.byte	(.L61-.L63)/2
 904 0009 04       		.byte	(.L65-.L63)/2
 905 000a 02       		.byte	(.L62-.L63)/2
 906 000b 00       		.p2align 1
 907              	.L62:
 547:USB_HOST/Target/usbh_conf.c ****   {
 548:USB_HOST/Target/usbh_conf.c ****     case HAL_OK :
 549:USB_HOST/Target/usbh_conf.c ****       usb_status = USBH_OK;
 550:USB_HOST/Target/usbh_conf.c ****     break;
 551:USB_HOST/Target/usbh_conf.c ****     case HAL_ERROR :
 552:USB_HOST/Target/usbh_conf.c ****       usb_status = USBH_FAIL;
 553:USB_HOST/Target/usbh_conf.c ****     break;
 554:USB_HOST/Target/usbh_conf.c ****     case HAL_BUSY :
 555:USB_HOST/Target/usbh_conf.c ****       usb_status = USBH_BUSY;
 908              		.loc 1 555 7 view .LVU210
 909              	.LVL84:
 556:USB_HOST/Target/usbh_conf.c ****     break;
 910              		.loc 1 556 5 view .LVU211
 555:USB_HOST/Target/usbh_conf.c ****     break;
 911              		.loc 1 555 18 is_stmt 0 view .LVU212
 912 000c 0120     		movs	r0, #1
 913              	.LVL85:
 914              		.loc 1 556 5 view .LVU213
 915 000e 7047     		bx	lr
 916              	.LVL86:
 917              	.L65:
 552:USB_HOST/Target/usbh_conf.c ****     break;
 918              		.loc 1 552 18 view .LVU214
 919 0010 0220     		movs	r0, #2
 920              	.LVL87:
 921              	.L61:
 557:USB_HOST/Target/usbh_conf.c ****     case HAL_TIMEOUT :
 558:USB_HOST/Target/usbh_conf.c ****       usb_status = USBH_FAIL;
 559:USB_HOST/Target/usbh_conf.c ****     break;
 560:USB_HOST/Target/usbh_conf.c ****     default :
 561:USB_HOST/Target/usbh_conf.c ****       usb_status = USBH_FAIL;
 562:USB_HOST/Target/usbh_conf.c ****     break;
 563:USB_HOST/Target/usbh_conf.c ****   }
 564:USB_HOST/Target/usbh_conf.c ****   return usb_status;
 922              		.loc 1 564 3 is_stmt 1 view .LVU215
 565:USB_HOST/Target/usbh_conf.c **** }
 923              		.loc 1 565 1 is_stmt 0 view .LVU216
 924 0012 7047     		bx	lr
 925              		.cfi_endproc
 926              	.LFE166:
 928              		.section	.text.USBH_LL_DeInit,"ax",%progbits
 929              		.align	1
 930              		.global	USBH_LL_DeInit
 931              		.syntax unified
 932              		.thumb
 933              		.thumb_func
 935              	USBH_LL_DeInit:
 936              	.LVL88:
 937              	.LFB151:
 232:USB_HOST/Target/usbh_conf.c ****   HAL_StatusTypeDef hal_status = HAL_OK;
ARM GAS  C:\Users\sub\AppData\Local\Temp\ccwsvbmP.s 			page 28


 938              		.loc 1 232 1 is_stmt 1 view -0
 939              		.cfi_startproc
 940              		@ args = 0, pretend = 0, frame = 0
 941              		@ frame_needed = 0, uses_anonymous_args = 0
 232:USB_HOST/Target/usbh_conf.c ****   HAL_StatusTypeDef hal_status = HAL_OK;
 942              		.loc 1 232 1 is_stmt 0 view .LVU218
 943 0000 08B5     		push	{r3, lr}
 944              	.LCFI17:
 945              		.cfi_def_cfa_offset 8
 946              		.cfi_offset 3, -8
 947              		.cfi_offset 14, -4
 233:USB_HOST/Target/usbh_conf.c ****   USBH_StatusTypeDef usb_status = USBH_OK;
 948              		.loc 1 233 3 is_stmt 1 view .LVU219
 949              	.LVL89:
 234:USB_HOST/Target/usbh_conf.c **** 
 950              		.loc 1 234 3 view .LVU220
 236:USB_HOST/Target/usbh_conf.c **** 
 951              		.loc 1 236 3 view .LVU221
 236:USB_HOST/Target/usbh_conf.c **** 
 952              		.loc 1 236 16 is_stmt 0 view .LVU222
 953 0002 D0F8D003 		ldr	r0, [r0, #976]
 954              	.LVL90:
 236:USB_HOST/Target/usbh_conf.c **** 
 955              		.loc 1 236 16 view .LVU223
 956 0006 FFF7FEFF 		bl	HAL_HCD_DeInit
 957              	.LVL91:
 238:USB_HOST/Target/usbh_conf.c **** 
 958              		.loc 1 238 3 is_stmt 1 view .LVU224
 238:USB_HOST/Target/usbh_conf.c **** 
 959              		.loc 1 238 16 is_stmt 0 view .LVU225
 960 000a FFF7FEFF 		bl	USBH_Get_USB_Status
 961              	.LVL92:
 240:USB_HOST/Target/usbh_conf.c **** }
 962              		.loc 1 240 3 is_stmt 1 view .LVU226
 241:USB_HOST/Target/usbh_conf.c **** 
 963              		.loc 1 241 1 is_stmt 0 view .LVU227
 964 000e 08BD     		pop	{r3, pc}
 965              		.cfi_endproc
 966              	.LFE151:
 968              		.section	.text.USBH_LL_Start,"ax",%progbits
 969              		.align	1
 970              		.global	USBH_LL_Start
 971              		.syntax unified
 972              		.thumb
 973              		.thumb_func
 975              	USBH_LL_Start:
 976              	.LVL93:
 977              	.LFB152:
 249:USB_HOST/Target/usbh_conf.c ****   HAL_StatusTypeDef hal_status = HAL_OK;
 978              		.loc 1 249 1 is_stmt 1 view -0
 979              		.cfi_startproc
 980              		@ args = 0, pretend = 0, frame = 0
 981              		@ frame_needed = 0, uses_anonymous_args = 0
 249:USB_HOST/Target/usbh_conf.c ****   HAL_StatusTypeDef hal_status = HAL_OK;
 982              		.loc 1 249 1 is_stmt 0 view .LVU229
 983 0000 08B5     		push	{r3, lr}
 984              	.LCFI18:
ARM GAS  C:\Users\sub\AppData\Local\Temp\ccwsvbmP.s 			page 29


 985              		.cfi_def_cfa_offset 8
 986              		.cfi_offset 3, -8
 987              		.cfi_offset 14, -4
 250:USB_HOST/Target/usbh_conf.c ****   USBH_StatusTypeDef usb_status = USBH_OK;
 988              		.loc 1 250 3 is_stmt 1 view .LVU230
 989              	.LVL94:
 251:USB_HOST/Target/usbh_conf.c **** 
 990              		.loc 1 251 3 view .LVU231
 253:USB_HOST/Target/usbh_conf.c **** 
 991              		.loc 1 253 3 view .LVU232
 253:USB_HOST/Target/usbh_conf.c **** 
 992              		.loc 1 253 16 is_stmt 0 view .LVU233
 993 0002 D0F8D003 		ldr	r0, [r0, #976]
 994              	.LVL95:
 253:USB_HOST/Target/usbh_conf.c **** 
 995              		.loc 1 253 16 view .LVU234
 996 0006 FFF7FEFF 		bl	HAL_HCD_Start
 997              	.LVL96:
 255:USB_HOST/Target/usbh_conf.c **** 
 998              		.loc 1 255 3 is_stmt 1 view .LVU235
 255:USB_HOST/Target/usbh_conf.c **** 
 999              		.loc 1 255 16 is_stmt 0 view .LVU236
 1000 000a FFF7FEFF 		bl	USBH_Get_USB_Status
 1001              	.LVL97:
 257:USB_HOST/Target/usbh_conf.c **** }
 1002              		.loc 1 257 3 is_stmt 1 view .LVU237
 258:USB_HOST/Target/usbh_conf.c **** 
 1003              		.loc 1 258 1 is_stmt 0 view .LVU238
 1004 000e 08BD     		pop	{r3, pc}
 1005              		.cfi_endproc
 1006              	.LFE152:
 1008              		.section	.text.USBH_LL_Stop,"ax",%progbits
 1009              		.align	1
 1010              		.global	USBH_LL_Stop
 1011              		.syntax unified
 1012              		.thumb
 1013              		.thumb_func
 1015              	USBH_LL_Stop:
 1016              	.LVL98:
 1017              	.LFB153:
 266:USB_HOST/Target/usbh_conf.c ****   HAL_StatusTypeDef hal_status = HAL_OK;
 1018              		.loc 1 266 1 is_stmt 1 view -0
 1019              		.cfi_startproc
 1020              		@ args = 0, pretend = 0, frame = 0
 1021              		@ frame_needed = 0, uses_anonymous_args = 0
 266:USB_HOST/Target/usbh_conf.c ****   HAL_StatusTypeDef hal_status = HAL_OK;
 1022              		.loc 1 266 1 is_stmt 0 view .LVU240
 1023 0000 08B5     		push	{r3, lr}
 1024              	.LCFI19:
 1025              		.cfi_def_cfa_offset 8
 1026              		.cfi_offset 3, -8
 1027              		.cfi_offset 14, -4
 267:USB_HOST/Target/usbh_conf.c ****   USBH_StatusTypeDef usb_status = USBH_OK;
 1028              		.loc 1 267 3 is_stmt 1 view .LVU241
 1029              	.LVL99:
 268:USB_HOST/Target/usbh_conf.c **** 
 1030              		.loc 1 268 3 view .LVU242
ARM GAS  C:\Users\sub\AppData\Local\Temp\ccwsvbmP.s 			page 30


 270:USB_HOST/Target/usbh_conf.c **** 
 1031              		.loc 1 270 3 view .LVU243
 270:USB_HOST/Target/usbh_conf.c **** 
 1032              		.loc 1 270 16 is_stmt 0 view .LVU244
 1033 0002 D0F8D003 		ldr	r0, [r0, #976]
 1034              	.LVL100:
 270:USB_HOST/Target/usbh_conf.c **** 
 1035              		.loc 1 270 16 view .LVU245
 1036 0006 FFF7FEFF 		bl	HAL_HCD_Stop
 1037              	.LVL101:
 272:USB_HOST/Target/usbh_conf.c **** 
 1038              		.loc 1 272 3 is_stmt 1 view .LVU246
 272:USB_HOST/Target/usbh_conf.c **** 
 1039              		.loc 1 272 16 is_stmt 0 view .LVU247
 1040 000a FFF7FEFF 		bl	USBH_Get_USB_Status
 1041              	.LVL102:
 274:USB_HOST/Target/usbh_conf.c **** }
 1042              		.loc 1 274 3 is_stmt 1 view .LVU248
 275:USB_HOST/Target/usbh_conf.c **** 
 1043              		.loc 1 275 1 is_stmt 0 view .LVU249
 1044 000e 08BD     		pop	{r3, pc}
 1045              		.cfi_endproc
 1046              	.LFE153:
 1048              		.section	.text.USBH_LL_ResetPort,"ax",%progbits
 1049              		.align	1
 1050              		.global	USBH_LL_ResetPort
 1051              		.syntax unified
 1052              		.thumb
 1053              		.thumb_func
 1055              	USBH_LL_ResetPort:
 1056              	.LVL103:
 1057              	.LFB155:
 313:USB_HOST/Target/usbh_conf.c ****   HAL_StatusTypeDef hal_status = HAL_OK;
 1058              		.loc 1 313 1 is_stmt 1 view -0
 1059              		.cfi_startproc
 1060              		@ args = 0, pretend = 0, frame = 0
 1061              		@ frame_needed = 0, uses_anonymous_args = 0
 313:USB_HOST/Target/usbh_conf.c ****   HAL_StatusTypeDef hal_status = HAL_OK;
 1062              		.loc 1 313 1 is_stmt 0 view .LVU251
 1063 0000 08B5     		push	{r3, lr}
 1064              	.LCFI20:
 1065              		.cfi_def_cfa_offset 8
 1066              		.cfi_offset 3, -8
 1067              		.cfi_offset 14, -4
 314:USB_HOST/Target/usbh_conf.c ****   USBH_StatusTypeDef usb_status = USBH_OK;
 1068              		.loc 1 314 3 is_stmt 1 view .LVU252
 1069              	.LVL104:
 315:USB_HOST/Target/usbh_conf.c **** 
 1070              		.loc 1 315 3 view .LVU253
 317:USB_HOST/Target/usbh_conf.c **** 
 1071              		.loc 1 317 3 view .LVU254
 317:USB_HOST/Target/usbh_conf.c **** 
 1072              		.loc 1 317 16 is_stmt 0 view .LVU255
 1073 0002 D0F8D003 		ldr	r0, [r0, #976]
 1074              	.LVL105:
 317:USB_HOST/Target/usbh_conf.c **** 
 1075              		.loc 1 317 16 view .LVU256
ARM GAS  C:\Users\sub\AppData\Local\Temp\ccwsvbmP.s 			page 31


 1076 0006 FFF7FEFF 		bl	HAL_HCD_ResetPort
 1077              	.LVL106:
 319:USB_HOST/Target/usbh_conf.c **** 
 1078              		.loc 1 319 3 is_stmt 1 view .LVU257
 319:USB_HOST/Target/usbh_conf.c **** 
 1079              		.loc 1 319 16 is_stmt 0 view .LVU258
 1080 000a FFF7FEFF 		bl	USBH_Get_USB_Status
 1081              	.LVL107:
 321:USB_HOST/Target/usbh_conf.c **** }
 1082              		.loc 1 321 3 is_stmt 1 view .LVU259
 322:USB_HOST/Target/usbh_conf.c **** 
 1083              		.loc 1 322 1 is_stmt 0 view .LVU260
 1084 000e 08BD     		pop	{r3, pc}
 1085              		.cfi_endproc
 1086              	.LFE155:
 1088              		.section	.text.USBH_LL_OpenPipe,"ax",%progbits
 1089              		.align	1
 1090              		.global	USBH_LL_OpenPipe
 1091              		.syntax unified
 1092              		.thumb
 1093              		.thumb_func
 1095              	USBH_LL_OpenPipe:
 1096              	.LVL108:
 1097              	.LFB157:
 353:USB_HOST/Target/usbh_conf.c ****   HAL_StatusTypeDef hal_status = HAL_OK;
 1098              		.loc 1 353 1 is_stmt 1 view -0
 1099              		.cfi_startproc
 1100              		@ args = 12, pretend = 0, frame = 0
 1101              		@ frame_needed = 0, uses_anonymous_args = 0
 353:USB_HOST/Target/usbh_conf.c ****   HAL_StatusTypeDef hal_status = HAL_OK;
 1102              		.loc 1 353 1 is_stmt 0 view .LVU262
 1103 0000 10B5     		push	{r4, lr}
 1104              	.LCFI21:
 1105              		.cfi_def_cfa_offset 8
 1106              		.cfi_offset 4, -8
 1107              		.cfi_offset 14, -4
 1108 0002 84B0     		sub	sp, sp, #16
 1109              	.LCFI22:
 1110              		.cfi_def_cfa_offset 24
 354:USB_HOST/Target/usbh_conf.c ****   USBH_StatusTypeDef usb_status = USBH_OK;
 1111              		.loc 1 354 3 is_stmt 1 view .LVU263
 1112              	.LVL109:
 355:USB_HOST/Target/usbh_conf.c **** 
 1113              		.loc 1 355 3 view .LVU264
 357:USB_HOST/Target/usbh_conf.c ****                                dev_address, speed, ep_type, mps);
 1114              		.loc 1 357 3 view .LVU265
 357:USB_HOST/Target/usbh_conf.c ****                                dev_address, speed, ep_type, mps);
 1115              		.loc 1 357 37 is_stmt 0 view .LVU266
 1116 0004 D0F8D003 		ldr	r0, [r0, #976]
 1117              	.LVL110:
 357:USB_HOST/Target/usbh_conf.c ****                                dev_address, speed, ep_type, mps);
 1118              		.loc 1 357 16 view .LVU267
 1119 0008 BDF82040 		ldrh	r4, [sp, #32]
 1120 000c 0294     		str	r4, [sp, #8]
 1121 000e 9DF81C40 		ldrb	r4, [sp, #28]	@ zero_extendqisi2
 1122 0012 0194     		str	r4, [sp, #4]
 1123 0014 9DF81840 		ldrb	r4, [sp, #24]	@ zero_extendqisi2
ARM GAS  C:\Users\sub\AppData\Local\Temp\ccwsvbmP.s 			page 32


 1124 0018 0094     		str	r4, [sp]
 1125 001a FFF7FEFF 		bl	HAL_HCD_HC_Init
 1126              	.LVL111:
 360:USB_HOST/Target/usbh_conf.c **** 
 1127              		.loc 1 360 3 is_stmt 1 view .LVU268
 360:USB_HOST/Target/usbh_conf.c **** 
 1128              		.loc 1 360 16 is_stmt 0 view .LVU269
 1129 001e FFF7FEFF 		bl	USBH_Get_USB_Status
 1130              	.LVL112:
 362:USB_HOST/Target/usbh_conf.c **** }
 1131              		.loc 1 362 3 is_stmt 1 view .LVU270
 363:USB_HOST/Target/usbh_conf.c **** 
 1132              		.loc 1 363 1 is_stmt 0 view .LVU271
 1133 0022 04B0     		add	sp, sp, #16
 1134              	.LCFI23:
 1135              		.cfi_def_cfa_offset 8
 1136              		@ sp needed
 1137 0024 10BD     		pop	{r4, pc}
 363:USB_HOST/Target/usbh_conf.c **** 
 1138              		.loc 1 363 1 view .LVU272
 1139              		.cfi_endproc
 1140              	.LFE157:
 1142              		.section	.text.USBH_LL_SubmitURB,"ax",%progbits
 1143              		.align	1
 1144              		.global	USBH_LL_SubmitURB
 1145              		.syntax unified
 1146              		.thumb
 1147              		.thumb_func
 1149              	USBH_LL_SubmitURB:
 1150              	.LVL113:
 1151              	.LFB160:
 426:USB_HOST/Target/usbh_conf.c ****   HAL_StatusTypeDef hal_status = HAL_OK;
 1152              		.loc 1 426 1 is_stmt 1 view -0
 1153              		.cfi_startproc
 1154              		@ args = 16, pretend = 0, frame = 0
 1155              		@ frame_needed = 0, uses_anonymous_args = 0
 426:USB_HOST/Target/usbh_conf.c ****   HAL_StatusTypeDef hal_status = HAL_OK;
 1156              		.loc 1 426 1 is_stmt 0 view .LVU274
 1157 0000 10B5     		push	{r4, lr}
 1158              	.LCFI24:
 1159              		.cfi_def_cfa_offset 8
 1160              		.cfi_offset 4, -8
 1161              		.cfi_offset 14, -4
 1162 0002 84B0     		sub	sp, sp, #16
 1163              	.LCFI25:
 1164              		.cfi_def_cfa_offset 24
 427:USB_HOST/Target/usbh_conf.c ****   USBH_StatusTypeDef usb_status = USBH_OK;
 1165              		.loc 1 427 3 is_stmt 1 view .LVU275
 1166              	.LVL114:
 428:USB_HOST/Target/usbh_conf.c **** 
 1167              		.loc 1 428 3 view .LVU276
 430:USB_HOST/Target/usbh_conf.c ****                                         ep_type, token, pbuff, length,
 1168              		.loc 1 430 3 view .LVU277
 430:USB_HOST/Target/usbh_conf.c ****                                         ep_type, token, pbuff, length,
 1169              		.loc 1 430 46 is_stmt 0 view .LVU278
 1170 0004 D0F8D003 		ldr	r0, [r0, #976]
 1171              	.LVL115:
ARM GAS  C:\Users\sub\AppData\Local\Temp\ccwsvbmP.s 			page 33


 430:USB_HOST/Target/usbh_conf.c ****                                         ep_type, token, pbuff, length,
 1172              		.loc 1 430 16 view .LVU279
 1173 0008 9DF82440 		ldrb	r4, [sp, #36]	@ zero_extendqisi2
 1174 000c 0394     		str	r4, [sp, #12]
 1175 000e BDF82040 		ldrh	r4, [sp, #32]
 1176 0012 0294     		str	r4, [sp, #8]
 1177 0014 079C     		ldr	r4, [sp, #28]
 1178 0016 0194     		str	r4, [sp, #4]
 1179 0018 9DF81840 		ldrb	r4, [sp, #24]	@ zero_extendqisi2
 1180 001c 0094     		str	r4, [sp]
 1181 001e FFF7FEFF 		bl	HAL_HCD_HC_SubmitRequest
 1182              	.LVL116:
 433:USB_HOST/Target/usbh_conf.c **** 
 1183              		.loc 1 433 3 is_stmt 1 view .LVU280
 433:USB_HOST/Target/usbh_conf.c **** 
 1184              		.loc 1 433 17 is_stmt 0 view .LVU281
 1185 0022 FFF7FEFF 		bl	USBH_Get_USB_Status
 1186              	.LVL117:
 435:USB_HOST/Target/usbh_conf.c **** }
 1187              		.loc 1 435 3 is_stmt 1 view .LVU282
 436:USB_HOST/Target/usbh_conf.c **** 
 1188              		.loc 1 436 1 is_stmt 0 view .LVU283
 1189 0026 04B0     		add	sp, sp, #16
 1190              	.LCFI26:
 1191              		.cfi_def_cfa_offset 8
 1192              		@ sp needed
 1193 0028 10BD     		pop	{r4, pc}
 436:USB_HOST/Target/usbh_conf.c **** 
 1194              		.loc 1 436 1 view .LVU284
 1195              		.cfi_endproc
 1196              	.LFE160:
 1198              		.global	hhcd_USB_OTG_FS
 1199              		.section	.bss.hhcd_USB_OTG_FS,"aw",%nobits
 1200              		.align	2
 1203              	hhcd_USB_OTG_FS:
 1204 0000 00000000 		.space	992
 1204      00000000 
 1204      00000000 
 1204      00000000 
 1204      00000000 
 1205              		.text
 1206              	.Letext0:
 1207              		.file 2 "D:/aravind_git/toolchain/arm-none-eabi/include/machine/_default_types.h"
 1208              		.file 3 "Drivers/CMSIS/Device/ST/STM32F4xx/Include/stm32f407xx.h"
 1209              		.file 4 "D:/aravind_git/toolchain/arm-none-eabi/include/sys/_stdint.h"
 1210              		.file 5 "Drivers/CMSIS/Device/ST/STM32F4xx/Include/stm32f4xx.h"
 1211              		.file 6 "Drivers/STM32F4xx_HAL_Driver/Inc/stm32f4xx_hal_def.h"
 1212              		.file 7 "Drivers/STM32F4xx_HAL_Driver/Inc/stm32f4xx_hal_gpio.h"
 1213              		.file 8 "Drivers/STM32F4xx_HAL_Driver/Inc/stm32f4xx_ll_usb.h"
 1214              		.file 9 "Drivers/STM32F4xx_HAL_Driver/Inc/stm32f4xx_hal_hcd.h"
 1215              		.file 10 "Middlewares/Third_Party/FreeRTOS/Source/include/task.h"
 1216              		.file 11 "Middlewares/Third_Party/FreeRTOS/Source/include/queue.h"
 1217              		.file 12 "Middlewares/Third_Party/FreeRTOS/Source/CMSIS_RTOS/cmsis_os.h"
 1218              		.file 13 "Middlewares/ST/STM32_USB_Host_Library/Core/Inc/usbh_def.h"
 1219              		.file 14 "Drivers/STM32F4xx_HAL_Driver/Inc/stm32f4xx_hal.h"
 1220              		.file 15 "USB_HOST/Target/usbh_platform.h"
 1221              		.file 16 "Middlewares/ST/STM32_USB_Host_Library/Core/Inc/usbh_core.h"
ARM GAS  C:\Users\sub\AppData\Local\Temp\ccwsvbmP.s 			page 34


 1222              		.file 17 "Drivers/STM32F4xx_HAL_Driver/Inc/stm32f4xx_hal_cortex.h"
ARM GAS  C:\Users\sub\AppData\Local\Temp\ccwsvbmP.s 			page 35


DEFINED SYMBOLS
                            *ABS*:00000000 usbh_conf.c
C:\Users\sub\AppData\Local\Temp\ccwsvbmP.s:21     .text.HAL_HCD_MspInit:00000000 $t
C:\Users\sub\AppData\Local\Temp\ccwsvbmP.s:27     .text.HAL_HCD_MspInit:00000000 HAL_HCD_MspInit
C:\Users\sub\AppData\Local\Temp\ccwsvbmP.s:168    .text.HAL_HCD_MspInit:00000090 $d
C:\Users\sub\AppData\Local\Temp\ccwsvbmP.s:174    .text.HAL_HCD_MspDeInit:00000000 $t
C:\Users\sub\AppData\Local\Temp\ccwsvbmP.s:180    .text.HAL_HCD_MspDeInit:00000000 HAL_HCD_MspDeInit
C:\Users\sub\AppData\Local\Temp\ccwsvbmP.s:226    .text.HAL_HCD_MspDeInit:00000028 $d
C:\Users\sub\AppData\Local\Temp\ccwsvbmP.s:232    .text.HAL_HCD_SOF_Callback:00000000 $t
C:\Users\sub\AppData\Local\Temp\ccwsvbmP.s:238    .text.HAL_HCD_SOF_Callback:00000000 HAL_HCD_SOF_Callback
C:\Users\sub\AppData\Local\Temp\ccwsvbmP.s:263    .text.HAL_HCD_Connect_Callback:00000000 $t
C:\Users\sub\AppData\Local\Temp\ccwsvbmP.s:269    .text.HAL_HCD_Connect_Callback:00000000 HAL_HCD_Connect_Callback
C:\Users\sub\AppData\Local\Temp\ccwsvbmP.s:294    .text.HAL_HCD_Disconnect_Callback:00000000 $t
C:\Users\sub\AppData\Local\Temp\ccwsvbmP.s:300    .text.HAL_HCD_Disconnect_Callback:00000000 HAL_HCD_Disconnect_Callback
C:\Users\sub\AppData\Local\Temp\ccwsvbmP.s:325    .text.HAL_HCD_HC_NotifyURBChange_Callback:00000000 $t
C:\Users\sub\AppData\Local\Temp\ccwsvbmP.s:331    .text.HAL_HCD_HC_NotifyURBChange_Callback:00000000 HAL_HCD_HC_NotifyURBChange_Callback
C:\Users\sub\AppData\Local\Temp\ccwsvbmP.s:356    .text.HAL_HCD_PortEnabled_Callback:00000000 $t
C:\Users\sub\AppData\Local\Temp\ccwsvbmP.s:362    .text.HAL_HCD_PortEnabled_Callback:00000000 HAL_HCD_PortEnabled_Callback
C:\Users\sub\AppData\Local\Temp\ccwsvbmP.s:387    .text.HAL_HCD_PortDisabled_Callback:00000000 $t
C:\Users\sub\AppData\Local\Temp\ccwsvbmP.s:393    .text.HAL_HCD_PortDisabled_Callback:00000000 HAL_HCD_PortDisabled_Callback
C:\Users\sub\AppData\Local\Temp\ccwsvbmP.s:418    .text.USBH_LL_Init:00000000 $t
C:\Users\sub\AppData\Local\Temp\ccwsvbmP.s:424    .text.USBH_LL_Init:00000000 USBH_LL_Init
C:\Users\sub\AppData\Local\Temp\ccwsvbmP.s:513    .text.USBH_LL_Init:00000050 $d
C:\Users\sub\AppData\Local\Temp\ccwsvbmP.s:1203   .bss.hhcd_USB_OTG_FS:00000000 hhcd_USB_OTG_FS
C:\Users\sub\AppData\Local\Temp\ccwsvbmP.s:518    .text.USBH_LL_GetSpeed:00000000 $t
C:\Users\sub\AppData\Local\Temp\ccwsvbmP.s:524    .text.USBH_LL_GetSpeed:00000000 USBH_LL_GetSpeed
C:\Users\sub\AppData\Local\Temp\ccwsvbmP.s:571    .text.USBH_LL_GetLastXferSize:00000000 $t
C:\Users\sub\AppData\Local\Temp\ccwsvbmP.s:577    .text.USBH_LL_GetLastXferSize:00000000 USBH_LL_GetLastXferSize
C:\Users\sub\AppData\Local\Temp\ccwsvbmP.s:603    .text.USBH_LL_ClosePipe:00000000 $t
C:\Users\sub\AppData\Local\Temp\ccwsvbmP.s:609    .text.USBH_LL_ClosePipe:00000000 USBH_LL_ClosePipe
C:\Users\sub\AppData\Local\Temp\ccwsvbmP.s:629    .text.USBH_LL_ActivatePipe:00000000 $t
C:\Users\sub\AppData\Local\Temp\ccwsvbmP.s:635    .text.USBH_LL_ActivatePipe:00000000 USBH_LL_ActivatePipe
C:\Users\sub\AppData\Local\Temp\ccwsvbmP.s:655    .text.USBH_LL_GetURBState:00000000 $t
C:\Users\sub\AppData\Local\Temp\ccwsvbmP.s:661    .text.USBH_LL_GetURBState:00000000 USBH_LL_GetURBState
C:\Users\sub\AppData\Local\Temp\ccwsvbmP.s:687    .text.USBH_LL_DriverVBUS:00000000 $t
C:\Users\sub\AppData\Local\Temp\ccwsvbmP.s:693    .text.USBH_LL_DriverVBUS:00000000 USBH_LL_DriverVBUS
C:\Users\sub\AppData\Local\Temp\ccwsvbmP.s:736    .text.USBH_LL_SetToggle:00000000 $t
C:\Users\sub\AppData\Local\Temp\ccwsvbmP.s:742    .text.USBH_LL_SetToggle:00000000 USBH_LL_SetToggle
C:\Users\sub\AppData\Local\Temp\ccwsvbmP.s:797    .text.USBH_LL_GetToggle:00000000 $t
C:\Users\sub\AppData\Local\Temp\ccwsvbmP.s:803    .text.USBH_LL_GetToggle:00000000 USBH_LL_GetToggle
C:\Users\sub\AppData\Local\Temp\ccwsvbmP.s:855    .text.USBH_Delay:00000000 $t
C:\Users\sub\AppData\Local\Temp\ccwsvbmP.s:861    .text.USBH_Delay:00000000 USBH_Delay
C:\Users\sub\AppData\Local\Temp\ccwsvbmP.s:883    .text.USBH_Get_USB_Status:00000000 $t
C:\Users\sub\AppData\Local\Temp\ccwsvbmP.s:889    .text.USBH_Get_USB_Status:00000000 USBH_Get_USB_Status
C:\Users\sub\AppData\Local\Temp\ccwsvbmP.s:903    .text.USBH_Get_USB_Status:00000008 $d
C:\Users\sub\AppData\Local\Temp\ccwsvbmP.s:929    .text.USBH_LL_DeInit:00000000 $t
C:\Users\sub\AppData\Local\Temp\ccwsvbmP.s:935    .text.USBH_LL_DeInit:00000000 USBH_LL_DeInit
C:\Users\sub\AppData\Local\Temp\ccwsvbmP.s:969    .text.USBH_LL_Start:00000000 $t
C:\Users\sub\AppData\Local\Temp\ccwsvbmP.s:975    .text.USBH_LL_Start:00000000 USBH_LL_Start
C:\Users\sub\AppData\Local\Temp\ccwsvbmP.s:1009   .text.USBH_LL_Stop:00000000 $t
C:\Users\sub\AppData\Local\Temp\ccwsvbmP.s:1015   .text.USBH_LL_Stop:00000000 USBH_LL_Stop
C:\Users\sub\AppData\Local\Temp\ccwsvbmP.s:1049   .text.USBH_LL_ResetPort:00000000 $t
C:\Users\sub\AppData\Local\Temp\ccwsvbmP.s:1055   .text.USBH_LL_ResetPort:00000000 USBH_LL_ResetPort
C:\Users\sub\AppData\Local\Temp\ccwsvbmP.s:1089   .text.USBH_LL_OpenPipe:00000000 $t
C:\Users\sub\AppData\Local\Temp\ccwsvbmP.s:1095   .text.USBH_LL_OpenPipe:00000000 USBH_LL_OpenPipe
C:\Users\sub\AppData\Local\Temp\ccwsvbmP.s:1143   .text.USBH_LL_SubmitURB:00000000 $t
C:\Users\sub\AppData\Local\Temp\ccwsvbmP.s:1149   .text.USBH_LL_SubmitURB:00000000 USBH_LL_SubmitURB
ARM GAS  C:\Users\sub\AppData\Local\Temp\ccwsvbmP.s 			page 36


C:\Users\sub\AppData\Local\Temp\ccwsvbmP.s:1200   .bss.hhcd_USB_OTG_FS:00000000 $d
C:\Users\sub\AppData\Local\Temp\ccwsvbmP.s:906    .text.USBH_Get_USB_Status:0000000b $d
C:\Users\sub\AppData\Local\Temp\ccwsvbmP.s:906    .text.USBH_Get_USB_Status:0000000c $t

UNDEFINED SYMBOLS
HAL_GPIO_Init
HAL_NVIC_SetPriority
HAL_NVIC_EnableIRQ
HAL_GPIO_DeInit
HAL_NVIC_DisableIRQ
USBH_LL_IncTimer
USBH_LL_Connect
USBH_LL_Disconnect
USBH_LL_NotifyURBChange
USBH_LL_PortEnabled
USBH_LL_PortDisabled
HAL_HCD_Init
HAL_HCD_GetCurrentFrame
USBH_LL_SetTimer
Error_Handler
HAL_HCD_GetCurrentSpeed
HAL_HCD_HC_GetXferCount
HAL_HCD_HC_GetURBState
HAL_Delay
MX_DriverVbusFS
HAL_HCD_DeInit
HAL_HCD_Start
HAL_HCD_Stop
HAL_HCD_ResetPort
HAL_HCD_HC_Init
HAL_HCD_HC_SubmitRequest
